0,0,255.0,179.0,255.0,255.0,72.47776371308017,38.44900140646976,64.35118846694796,60.62057665260197
0,1,255.0,178.75757575757575,255.0,255.0,67.82200910499283,34.85452339636788,66.19920165850546,62.79252411590567
0,2,255.0,178.5151515151515,255.0,255.0,63.16625449690549,31.260045386266,68.04721485006296,64.96447157920937
0,3,255.0,178.27272727272728,255.0,255.0,58.510499888818146,27.66556737616412,69.89522804162044,67.13641904251307
0,4,255.0,178.03030303030303,255.0,255.0,53.85474528073081,24.071089366062242,71.74324123317794,69.30836650581678
0,5,255.0,177.78787878787878,255.0,255.0,49.198990672643475,20.47661135596036,73.59125442473544,71.48031396912049
0,6,255.0,177.54545454545453,255.0,255.0,44.54323606455613,16.88213334585848,75.43926761629294,73.65226143242418
0,7,255.0,177.3030303030303,255.0,255.0,39.88748145646879,13.287655335756604,77.28728080785044,75.82420889572788
0,8,255.0,177.06060606060606,255.0,255.0,35.231726848381456,9.693177325654723,79.13529399940793,77.99615635903159
0,9,242.36363636363637,175.9090909090909,234.00000000000003,242.36363636363637,32.15933610954383,8.37470425177636,85.60958044660894,84.5761749303973
0,10,225.5151515151515,174.45454545454547,206.0,225.5151515151515,29.614733327122778,7.814899489972502,93.62595797902449,92.62555053778368
0,11,208.66666666666663,173.0,177.99999999999997,208.66666666666663,27.07013054470172,7.255094728168644,101.64233551144004,100.67492614517008
0,12,191.8181818181818,171.54545454545453,150.0,191.8181818181818,24.525527762280667,6.695289966364788,109.65871304385557,108.72430175255646
0,13,174.969696969697,170.0909090909091,122.00000000000003,174.969696969697,21.980924979859616,6.135485204560932,117.6750905762711,116.77367735994284
0,14,158.12121212121212,168.63636363636363,94.0,158.12121212121212,19.43632219743856,5.575680442757075,125.69146810868665,124.82305296732922
0,15,141.27272727272725,167.1818181818182,65.99999999999997,141.27272727272725,16.891719415017505,5.015875680953217,133.7078456411022,132.87242857471563
0,16,124.42424242424241,165.72727272727272,38.0,124.42424242424241,14.347116632596453,4.4560709191493615,141.72422317351771,140.921804182102
0,17,115.0909090909091,165.4848484848485,25.878787878787875,114.12121212121212,15.67699392095756,4.5933294847290425,144.0866124828407,143.19702127645013
0,18,113.27272727272728,166.45454545454544,29.636363636363633,110.36363636363637,20.881351280100827,5.427651377692261,140.79501356907113,139.69807985776006
0,19,111.45454545454545,167.42424242424244,33.3939393939394,106.6060606060606,26.08570863924411,6.261973270655483,137.50341465530153,136.19913843906997
0,20,109.63636363636364,168.3939393939394,37.151515151515156,102.84848484848484,31.290065998387377,7.096295163618701,134.21181574153195,132.70019702037987
0,21,107.81818181818181,169.36363636363637,40.90909090909091,99.0909090909091,36.494423357530636,7.930617056581919,130.92021682776235,129.2012556016898
0,22,106.0,170.33333333333334,44.66666666666667,95.33333333333333,41.69878071667392,8.764938949545142,127.62861791399277,125.70231418299971
0,23,104.18181818181819,171.3030303030303,48.42424242424243,91.57575757575756,46.90313807581718,9.599260842508361,124.33701900022318,122.20337276430963
0,24,102.36363636363636,172.27272727272728,52.18181818181819,87.81818181818181,52.10749543496045,10.433582735471578,121.04542008645359,118.70443134561955
0,25,99.75757575757576,168.66666666666666,54.151515151515156,84.0909090909091,54.82513928623591,11.256704308847644,118.65267721064257,116.13671458075181
0,26,94.7878787878788,151.33333333333334,50.757575757575765,80.45454545454545,50.08264261390795,12.046224923462248,118.95650244870717,116.36267177735107
0,27,89.81818181818181,133.99999999999997,47.36363636363636,76.81818181818181,45.340145941579976,12.835745538076853,119.26032768677177,116.58862897395032
0,28,84.84848484848484,116.66666666666666,43.96969696969697,73.18181818181819,40.597649269252024,13.625266152691456,119.56415292483638,116.81458617054959
0,29,79.87878787878788,99.33333333333333,40.57575757575758,69.54545454545455,35.85515259692407,14.414786767306058,119.86797816290098,117.04054336714884
0,30,74.90909090909089,81.99999999999996,37.18181818181817,65.9090909090909,31.112655924596098,15.204307381920664,120.17180340096559,117.2665005637481
0,31,69.93939393939394,64.66666666666663,33.78787878787878,62.272727272727266,26.37015925226814,15.993827996535268,120.47562863903019,117.49245776034735
0,32,64.96969696969697,47.333333333333314,30.39393939393939,58.63636363636363,21.627662579940186,16.783348611149872,120.7794538770948,117.71841495694662
0,33,60.0,30.0,27.0,55.0,16.885165907612233,17.572869225764475,121.0832791151594,117.94437215354587
0,34,57.333333333333336,46.363636363636346,25.666666666666668,52.81818181818182,17.294181992884823,15.98312329267518,120.45323518200877,117.63419573089385
0,35,54.66666666666667,62.7272727272727,24.333333333333336,50.63636363636364,17.703198078157413,14.393377359585884,119.82319124885814,117.32401930824182
0,36,52.00000000000001,79.09090909090905,23.000000000000004,48.45454545454546,18.112214163430007,12.80363142649659,119.1931473157075,117.0138428855898
0,37,49.33333333333332,95.45454545454551,21.66666666666666,46.272727272727266,18.5212302487026,11.213885493407282,118.56310338255686,116.70366646293778
0,38,46.66666666666666,111.81818181818187,20.33333333333333,44.090909090909086,18.93024633397519,9.624139560317987,117.93305944940623,116.39349004028576
0,39,43.99999999999999,128.18181818181822,18.999999999999996,41.90909090909091,19.33926241924778,8.034393627228692,117.3030155162556,116.08331361763372
0,40,41.33333333333333,144.54545454545456,17.666666666666664,39.72727272727273,19.74827850452037,6.444647694139398,116.67297158310497,115.7731371949817
0,41,38.666666666666664,160.9090909090909,16.333333333333332,37.54545454545455,20.15729458979296,4.854901761050103,116.04292764995434,115.46296077232968
0,42,37.0,153.27272727272728,16.09090909090909,35.63636363636364,20.313678587826313,4.790336399711399,116.14809622195986,115.58945789059426
0,43,35.66666666666667,137.63636363636365,16.21212121212121,33.81818181818182,20.38585189011325,5.234164562289561,116.49833562901745,115.86151285583104
0,44,34.33333333333333,121.99999999999991,16.333333333333336,31.999999999999993,20.458025192400193,5.677992724867726,116.84857503607503,116.13356782106783
0,45,32.99999999999999,106.3636363636363,16.454545454545453,30.181818181818173,20.53019849468713,6.121820887445889,117.19881444313263,116.4056227863046
0,46,31.666666666666664,90.72727272727268,16.575757575757578,28.36363636363636,20.60237179697407,6.565649050024051,117.54905385019022,116.6776777515414
0,47,30.33333333333333,75.09090909090905,16.696969696969695,26.54545454545454,20.674545099261007,7.009477212602214,117.8992932572478,116.94973271677817
0,48,29.0,59.45454545454544,16.81818181818182,24.727272727272727,20.746718401547945,7.453305375180376,118.24953266430539,117.22178768201495
0,49,27.666666666666664,43.81818181818181,16.939393939393938,22.909090909090907,20.818891703834883,7.897133537758537,118.59977207136298,117.49384264725174
0,50,26.696969696969695,34.484848484848484,16.87878787878788,21.696969696969695,20.593204775022954,8.726551226551226,119.02807293716384,117.74645808736717
0,51,26.090909090909093,31.45454545454546,16.636363636363637,21.090909090909093,20.06965761511216,9.94155844155844,119.53443526170798,117.97963400236128
0,52,25.484848484848484,28.42424242424243,16.393939393939394,20.484848484848484,19.546110455201365,11.156565656565654,120.04079758625213,118.21280991735537
0,53,24.878787878787875,25.39393939393938,16.15151515151515,19.878787878787875,19.022563295290563,12.371572871572877,120.54715991079627,118.44598583234946
0,54,24.27272727272727,22.363636363636353,15.909090909090908,19.27272727272727,18.49901613537977,13.58658008658009,121.05352223534041,118.67916174734357
0,55,23.666666666666664,19.333333333333325,15.666666666666666,18.666666666666664,17.975468975468974,14.801587301587304,121.55988455988455,118.91233766233766
0,56,23.06060606060606,16.303030303030297,15.424242424242424,18.06060606060606,17.451921815558176,16.016594516594516,122.0662468844287,119.14551357733176
0,57,22.454545454545453,13.27272727272727,15.181818181818182,17.454545454545453,16.92837465564738,17.23160173160173,122.57260920897284,119.37868949232586
0,58,21.78787878787879,11.0,14.878787878787879,16.81818181818182,16.588504088504088,17.971861471861473,122.78336940836941,119.42694805194806
0,59,20.93939393939394,11.0,14.393939393939394,16.090909090909093,16.799663299663298,17.28787878787879,122.10732323232322,118.92045454545455
0,60,20.090909090909086,11.0,13.909090909090907,15.36363636363636,17.01082251082251,16.6038961038961,121.43127705627705,118.41396103896103
0,61,19.24242424242424,11.0,13.424242424242422,14.636363636363633,17.221981721981724,15.919913419913417,120.75523088023087,117.90746753246754
0,62,18.39393939393939,11.0,12.939393939393938,13.909090909090907,17.433140933140933,15.235930735930733,120.0791847041847,117.40097402597402
0,63,17.545454545454543,11.0,12.454545454545453,13.18181818181818,17.644300144300146,14.551948051948049,119.40313852813853,116.89448051948052
0,64,16.696969696969695,11.0,11.969696969696969,12.454545454545453,17.855459355459356,13.867965367965366,118.72709235209236,116.38798701298701
0,65,15.848484848484848,11.0,11.484848484848484,11.727272727272727,18.06661856661857,13.183982683982684,118.05104617604617,115.88149350649351
0,66,15.0,11.0,11.0,11.0,18.27777777777778,12.5,117.375,115.375
0,67,15.0,10.151515151515152,10.272727272727273,11.0,18.77744107744108,12.112121212121213,117.34570707070708,115.46691919191919
0,68,15.0,9.303030303030305,9.545454545454547,11.0,19.277104377104376,11.724242424242425,117.31641414141414,115.55883838383839
0,69,15.0,8.454545454545457,8.81818181818182,11.0,19.776767676767676,11.336363636363638,117.28712121212122,115.65075757575758
0,70,15.0,7.606060606060609,8.090909090909093,11.0,20.276430976430973,10.948484848484851,117.25782828282829,115.74267676767677
0,71,15.0,6.757575757575761,7.363636363636367,11.0,20.776094276094273,10.560606060606062,117.22853535353536,115.83459595959596
0,72,15.0,5.909090909090914,6.63636363636364,11.0,21.275757575757574,10.172727272727276,117.19924242424243,115.92651515151516
0,73,15.0,5.0606060606060534,5.909090909090903,11.0,21.775420875420878,9.784848484848482,117.1699494949495,116.01843434343435
0,74,15.0,4.212121212121206,5.181818181818176,11.0,22.275084175084178,9.396969696969695,117.14065656565657,116.11035353535354
0,75,14.727272727272725,3.636363636363633,4.636363636363633,10.636363636363633,22.545454545454547,9.446969696969699,117.12878787878789,116.12878787878789
0,76,14.363636363636362,3.1515151515151487,4.151515151515149,10.151515151515149,22.73939393939394,9.642929292929294,117.12272727272727,116.12272727272727
0,77,13.999999999999998,2.6666666666666643,3.6666666666666643,9.666666666666664,22.933333333333334,9.83888888888889,117.11666666666667,116.11666666666667
0,78,13.636363636363635,2.18181818181818,3.18181818181818,9.18181818181818,23.12727272727273,10.034848484848485,117.11060606060606,116.11060606060606
0,79,13.272727272727272,1.6969696969696955,2.6969696969696955,8.696969696969695,23.32121212121212,10.230808080808082,117.10454545454546,116.10454545454546
0,80,12.909090909090908,1.212121212121211,2.212121212121211,8.212121212121211,23.515151515151516,10.426767676767676,117.09848484848484,116.09848484848484
0,81,12.545454545454545,0.7272727272727266,1.7272727272727266,7.727272727272727,23.70909090909091,10.622727272727273,117.09242424242424,116.09242424242424
0,82,12.181818181818182,0.2424242424242422,1.2424242424242422,7.242424242424242,23.903030303030302,10.818686868686868,117.08636363636363,116.08636363636363
0,83,12.0,0.0,0.9393939393939394,6.878787878787879,23.333333333333336,11.164141414141413,117.17929292929293,116.0580808080808
0,84,12.0,0.0,0.8181818181818183,6.636363636363637,22.0,11.659090909090908,117.37121212121212,116.00757575757575
0,85,12.0,0.0,0.6969696969696972,6.3939393939393945,20.66666666666667,12.154040404040403,117.56313131313131,115.9570707070707
0,86,12.0,0.0,0.5757575757575761,6.151515151515152,19.333333333333336,12.648989898989896,117.7550505050505,115.90656565656566
0,87,12.0,0.0,0.45454545454545503,5.90909090909091,18.000000000000007,13.143939393939391,117.9469696969697,115.85606060606061
0,88,12.0,0.0,0.33333333333333215,5.666666666666664,16.666666666666654,13.638888888888893,118.13888888888889,115.80555555555556
0,89,12.0,0.0,0.21212121212121104,5.424242424242422,15.333333333333321,14.133838383838388,118.33080808080808,115.7550505050505
0,90,12.0,0.0,0.09090909090908994,5.18181818181818,13.99999999999999,14.628787878787882,118.52272727272728,115.70454545454545
0,91,11.909090909090907,0.3333333333333428,0.12121212121212466,4.969696969696969,13.166666666666671,14.939393939393938,118.55555555555556,115.58585858585859
0,92,11.545454545454543,1.666666666666675,0.6060606060606091,4.848484848484848,13.833333333333337,14.696969696969695,118.11111111111111,115.26262626262627
0,93,11.18181818181818,3.000000000000007,1.0909090909090935,4.727272727272727,14.500000000000004,14.454545454545453,117.66666666666667,114.93939393939394
0,94,10.818181818181817,4.333333333333339,1.575757575757578,4.6060606060606055,15.16666666666667,14.212121212121211,117.22222222222223,114.61616161616162
0,95,10.454545454545453,5.666666666666671,2.0606060606060623,4.484848484848484,15.833333333333336,13.969696969696969,116.77777777777777,114.2929292929293
0,96,10.09090909090909,7.0000000000000036,2.5454545454545467,4.363636363636363,16.5,13.727272727272727,116.33333333333333,113.96969696969697
0,97,9.727272727272727,8.333333333333336,3.030303030303031,4.242424242424242,17.166666666666668,13.484848484848484,115.88888888888889,113.64646464646465
0,98,9.363636363636363,9.666666666666668,3.5151515151515156,4.121212121212121,17.833333333333336,13.242424242424242,115.44444444444444,113.32323232323232
0,99,9.0,11.0,4.0,4.0,18.5,13.0,115.0,113.0
1,0,255.0,179.0,255.0,255.0,76.15799578059072,53.79518987341772,29.801736990154712,27.569971870604782
1,1,255.0,179.0,255.0,255.0,76.95937885455969,55.39077199977742,31.898977514773176,29.53538269135014
1,2,255.0,179.0,255.0,255.0,77.76076192852867,56.98635412613712,33.996218039391636,31.500793512095502
1,3,255.0,179.0,255.0,255.0,78.56214500249763,58.58193625249683,36.0934585640101,33.46620433284086
1,4,255.0,179.0,255.0,255.0,79.3635280764666,60.17751837885653,38.19069908862856,35.43161515358622
1,5,255.0,179.0,255.0,255.0,80.16491115043557,61.773100505216235,40.287939613247026,37.397025974331584
1,6,255.0,179.0,255.0,255.0,80.96629422440454,63.368682631575936,42.38518013786549,39.36243679507694
1,7,255.0,179.0,255.0,255.0,81.76767729837351,64.96426475793564,44.48242066248395,41.3278476158223
1,8,255.0,179.0,255.0,255.0,82.56906037234248,66.55984688429534,46.57966118710242,43.29325843656766
1,9,255.0,178.8181818181818,255.0,255.0,82.56961430440515,62.624391385590016,53.79429862968178,50.42502015425794
1,10,255.0,178.57575757575756,255.0,255.0,82.30322518916572,56.84525667852968,62.714735044914796,59.27889883759655
1,11,255.0,178.33333333333334,255.0,255.0,82.03683607392628,51.066121971469336,71.63517146014782,68.13277752093515
1,12,255.0,178.0909090909091,255.0,255.0,81.77044695868686,45.28698726440901,80.55560787538082,76.98665620427374
1,13,255.0,177.84848484848484,255.0,255.0,81.50405784344743,39.50785255734867,89.47604429061381,85.84053488761234
1,14,255.0,177.6060606060606,255.0,255.0,81.23766872820799,33.728717850288334,98.39648070584684,94.69441357095094
1,15,255.0,177.36363636363637,255.0,255.0,80.97127961296857,27.94958314322799,107.31691712107985,103.54829225428955
1,16,255.0,177.12121212121212,255.0,255.0,80.70489049772914,22.17044843616766,116.23735353631284,112.40217093762814
1,17,244.0909090909091,173.9090909090909,242.3939393939394,244.03030303030303,81.26188556682862,19.622548774447147,119.64443260611318,115.68989390176806
1,18,222.2727272727273,167.72727272727275,217.18181818181822,222.09090909090912,82.64226482026702,20.305884158066466,117.53815433048084,113.41146114670929
1,19,200.45454545454544,161.54545454545453,191.96969696969694,200.15151515151513,84.02264407370542,20.989219541685788,115.43187605484847,111.13302839165051
1,20,178.63636363636363,155.36363636363637,166.75757575757575,178.2121212121212,85.40302332714383,21.672554925305107,113.32559777921612,108.85459563659174
1,21,156.8181818181818,149.1818181818182,141.54545454545456,156.27272727272728,86.78340258058222,22.355890308924426,111.21931950358378,106.57616288153297
1,22,134.99999999999994,143.0,116.33333333333326,134.3333333333333,88.16378183402063,23.039225692543745,109.11304122795141,104.29773012647419
1,23,113.18181818181816,136.8181818181818,91.12121212121207,112.39393939393935,89.54416108745902,23.722561076163064,107.00676295231906,102.01929737141542
1,24,91.36363636363635,130.63636363636363,65.90909090909088,90.45454545454544,90.92454034089742,24.405896459782383,104.90048467668672,99.74086461635665
1,25,75.15151515151516,127.18181818181819,45.78787878787879,74.18181818181819,89.28598651500432,24.17060955243166,102.79740236404317,97.66760035926495
1,26,75.75757575757575,131.9090909090909,40.939393939393945,74.9090909090909,78.59063345111676,21.179455772170808,100.70390794036601,96.20984159607447
1,27,76.36363636363636,136.63636363636365,36.09090909090908,75.63636363636364,67.89528038722915,18.188301991909945,98.61041351668885,94.75208283288397
1,28,76.96969696969697,141.36363636363637,31.24242424242424,76.36363636363636,57.19992732334158,15.197148211649095,96.5169190930117,93.29432406969349
1,29,77.57575757575758,146.0909090909091,26.393939393939394,77.0909090909091,46.50457425945402,12.205994431388245,94.42342466933454,91.836565306503
1,30,78.18181818181819,150.81818181818184,21.545454545454533,77.81818181818181,35.809221195566415,9.214840651127382,92.32993024565737,90.37880654331252
1,31,78.78787878787878,155.54545454545456,16.69696969696969,78.54545454545455,25.113868131678842,6.22368687086653,90.23643582198021,88.92104778012202
1,32,79.39393939393939,160.27272727272728,11.848484848484844,79.27272727272728,14.418515067791276,3.2325330906056813,88.14294139830305,87.46328901693154
1,33,80.0,165.0,7.0,80.0,3.7231620039037083,0.2413793103448276,86.0494469746259,86.00553025374106
1,34,74.42424242424244,165.0,6.878787878787879,74.42424242424244,3.8226903468648747,0.24126683501683502,86.95422781271837,86.90753247887682
1,35,68.84848484848486,165.0,6.757575757575758,68.84848484848486,3.9222186898260416,0.24115435968884247,87.85900865081086,87.80953470401258
1,36,63.27272727272729,165.0,6.636363636363637,63.27272727272729,4.021747032787208,0.2410418843608499,88.76378948890334,88.71153692914835
1,37,57.696969696969674,165.0,6.515151515151515,57.696969696969674,4.121275375748375,0.2409294090328573,89.66857032699583,89.61353915428411
1,38,52.1212121212121,165.0,6.393939393939394,52.1212121212121,4.220803718709542,0.24081693370486476,90.57335116508831,90.51554137941989
1,39,46.54545454545453,165.0,6.2727272727272725,46.54545454545453,4.320332061670708,0.24070445837687218,91.4781320031808,91.41754360455565
1,40,40.96969696969696,165.0,6.151515151515151,40.96969696969696,4.419860404631875,0.2405919830488796,92.38291284127328,92.3195458296914
1,41,35.39393939393939,165.0,6.03030303030303,35.39393939393939,4.519388747593041,0.24047950772088703,93.28769367936576,93.22154805482717
1,42,32.54545454545455,160.0,8.363636363636362,32.0,10.442450068870517,0.9816775711662069,93.73025711662075,93.53391668306442
1,43,30.60606060606061,153.33333333333334,11.51515151515151,29.333333333333336,18.306689049586765,1.9699791475359643,94.0187480869299,93.64974077900214
1,44,28.666666666666657,146.66666666666663,14.666666666666682,26.666666666666654,26.170928030303067,2.958280723905729,94.30723905723906,93.76556487493988
1,45,26.72727272727272,139.99999999999997,17.81818181818183,23.99999999999999,34.03516701101932,3.946582300275486,94.59573002754821,93.88138897087761
1,46,24.787878787878782,133.33333333333331,20.96969696969698,21.333333333333325,41.89940599173556,4.934883876645244,94.88422099785735,93.99721306681535
1,47,22.848484848484844,126.66666666666666,24.121212121212128,18.66666666666666,49.763644972451814,5.923185453015001,95.17271196816651,94.11303716275307
1,48,20.909090909090907,120.0,27.272727272727277,15.999999999999996,57.62788395316806,6.911487029384759,95.46120293847567,94.22886125869081
1,49,18.96969696969697,113.33333333333333,30.424242424242426,13.333333333333332,65.4921229338843,7.899788605754516,95.74969390878482,94.34468535462854
1,50,17.515151515151516,109.15151515151516,30.84848484848485,11.818181818181818,66.765774629411,8.022300931391841,95.85346976256066,94.4301456119638
1,51,16.545454545454547,107.45454545454545,28.545454545454547,11.454545454545455,61.44883903974814,7.279024006296735,95.77253049980322,94.48524203069658
1,52,15.575757575757578,105.75757575757576,26.24242424242425,11.090909090909092,56.131903450085275,6.535747081201629,95.69159123704578,94.54033844942937
1,53,14.606060606060602,104.06060606060605,23.93939393939393,10.727272727272727,50.814967860422385,5.792470156106517,95.61065197428834,94.59543486816214
1,54,13.636363636363633,102.36363636363636,21.63636363636363,10.363636363636363,45.49803227075952,5.049193231011411,95.52971271153089,94.65053128689493
1,55,12.666666666666664,100.66666666666666,19.33333333333333,10.0,40.18109668109667,4.305916305916305,95.44877344877345,94.7056277056277
1,56,11.696969696969695,98.96969696969697,17.030303030303028,9.636363636363637,34.86416109143381,3.5626393808211976,95.36783418601601,94.7607241243605
1,57,10.727272727272727,97.27272727272727,14.727272727272727,9.272727272727273,29.547225501770953,2.8193624557260915,95.28689492325856,94.81582054309328
1,58,9.969696969696969,95.36363636363636,12.787878787878789,8.93939393939394,24.974386724386726,2.2064093314093314,95.1974506974507,94.83706108706109
1,59,9.848484848484848,92.81818181818183,11.939393939393941,8.696969696969697,22.633838383838388,1.9844276094276097,95.08249158249158,94.756734006734
1,60,9.727272727272727,90.27272727272725,11.090909090909086,8.454545454545453,20.293290043290032,1.7624458874458862,94.96753246753246,94.67640692640693
1,61,9.606060606060606,87.72727272727272,10.242424242424239,8.212121212121211,17.952741702741694,1.5404641654641644,94.85257335257336,94.59607984607985
1,62,9.484848484848484,85.18181818181817,9.393939393939391,7.969696969696969,15.612193362193354,1.3184824434824427,94.73761423761424,94.51575276575277
1,63,9.363636363636363,82.63636363636363,8.545454545454543,7.727272727272727,13.271645021645016,1.096500721500721,94.62265512265512,94.43542568542568
1,64,9.242424242424242,80.0909090909091,7.6969696969696955,7.484848484848484,10.931096681096678,0.874518999518999,94.507696007696,94.3550986050986
1,65,9.121212121212121,77.54545454545455,6.848484848484848,7.242424242424242,8.590548340548338,0.6525372775372773,94.39273689273689,94.27477152477152
1,66,9.0,75.0,6.0,7.0,6.25,0.4305555555555556,94.27777777777777,94.19444444444444
1,67,8.757575757575758,65.90909090909092,5.272727272727273,7.0,5.492424242424243,0.37836700336700346,94.3127946127946,94.23956228956229
1,68,8.515151515151516,56.818181818181834,4.545454545454547,7.0,4.734848484848486,0.3261784511784513,94.34781144781144,94.28468013468013
1,69,8.272727272727273,47.72727272727275,3.81818181818182,7.0,3.9772727272727293,0.2739898989898991,94.38282828282827,94.32979797979797
1,70,8.030303030303031,38.63636363636367,3.0909090909090935,7.0,3.2196969696969724,0.221801346801347,94.41784511784512,94.37491582491582
1,71,7.787878787878789,29.54545454545459,2.363636363636367,7.0,2.4621212121212155,0.16961279461279488,94.45286195286195,94.42003367003366
1,72,7.545454545454547,20.454545454545503,1.6363636363636402,7.0,1.7045454545454586,0.11742424242424271,94.48787878787878,94.46515151515152
1,73,7.303030303030301,11.363636363636289,0.909090909090903,7.0,0.9469696969696901,0.06523569023568981,94.52289562289562,94.51026936026936
1,74,7.060606060606059,2.2727272727272094,0.18181818181817633,7.0,0.18939393939393412,0.01304713804713764,94.55791245791245,94.5553872053872
1,75,6.636363636363633,0.0,0.0,6.636363636363633,0.0,0.0,94.4621212121212,94.4621212121212
1,76,6.151515151515149,0.0,0.0,6.151515151515149,0.0,0.0,94.32272727272726,94.32272727272726
1,77,5.666666666666664,0.0,0.0,5.666666666666664,0.0,0.0,94.18333333333334,94.18333333333334
1,78,5.18181818181818,0.0,0.0,5.18181818181818,0.0,0.0,94.0439393939394,94.0439393939394
1,79,4.6969696969696955,0.0,0.0,4.6969696969696955,0.0,0.0,93.90454545454546,93.90454545454546
1,80,4.212121212121211,0.0,0.0,4.212121212121211,0.0,0.0,93.76515151515152,93.76515151515152
1,81,3.7272727272727266,0.0,0.0,3.7272727272727266,0.0,0.0,93.62575757575758,93.62575757575758
1,82,3.242424242424242,0.0,0.0,3.242424242424242,0.0,0.0,93.48636363636363,93.48636363636363
1,83,2.878787878787879,0.0,0.0,2.878787878787879,0.0,0.0,93.3510101010101,93.3510101010101
1,84,2.6363636363636367,0.0,0.0,2.6363636363636367,0.0,0.0,93.21969696969697,93.21969696969697
1,85,2.3939393939393945,0.0,0.0,2.3939393939393945,0.0,0.0,93.08838383838383,93.08838383838383
1,86,2.1515151515151523,0.0,0.0,2.1515151515151523,0.0,0.0,92.95707070707071,92.95707070707071
1,87,1.90909090909091,0.0,0.0,1.90909090909091,0.0,0.0,92.82575757575758,92.82575757575758
1,88,1.6666666666666643,0.0,0.0,1.6666666666666643,0.0,0.0,92.69444444444444,92.69444444444444
1,89,1.424242424242422,0.0,0.0,1.424242424242422,0.0,0.0,92.56313131313131,92.56313131313131
1,90,1.1818181818181799,0.0,0.0,1.1818181818181799,0.0,0.0,92.43181818181817,92.43181818181817
1,91,0.9696969696969688,0.0,0.0,0.9696969696969688,0.0,0.0,92.32323232323232,92.32323232323232
1,92,0.8484848484848477,0.0,0.0,0.8484848484848477,0.0,0.0,92.28282828282828,92.28282828282828
1,93,0.7272727272727266,0.0,0.0,0.7272727272727266,0.0,0.0,92.24242424242424,92.24242424242424
1,94,0.6060606060606055,0.0,0.0,0.6060606060606055,0.0,0.0,92.2020202020202,92.2020202020202
1,95,0.4848484848484844,0.0,0.0,0.4848484848484844,0.0,0.0,92.16161616161617,92.16161616161617
1,96,0.3636363636363633,0.0,0.0,0.3636363636363633,0.0,0.0,92.12121212121212,92.12121212121212
1,97,0.2424242424242422,0.0,0.0,0.2424242424242422,0.0,0.0,92.08080808080808,92.08080808080808
1,98,0.1212121212121211,0.0,0.0,0.1212121212121211,0.0,0.0,92.04040404040404,92.04040404040404
1,99,0.0,0.0,0.0,0.0,0.0,0.0,92.0,92.0
2,0,255.0,178.0,255.0,255.0,21.317693389592122,12.034606188466947,27.690316455696202,27.285872011251758
2,1,255.0,177.87878787878788,255.0,255.0,23.542584677629883,13.997653694769426,31.501132142569755,30.99000528287147
2,2,255.0,177.75757575757575,255.0,255.0,25.767475965667646,15.960701201071906,35.311947829443305,34.694138554491175
2,3,255.0,177.63636363636363,255.0,255.0,27.992367253705407,17.923748707374386,39.12276351631686,38.398271826110886
2,4,255.0,177.5151515151515,255.0,255.0,30.21725854174317,19.886796213676863,42.93357920319041,42.102405097730596
2,5,255.0,177.3939393939394,255.0,255.0,32.44214982978093,21.849843719979344,46.74439489006397,45.80653836935031
2,6,255.0,177.27272727272728,255.0,255.0,34.66704111781869,23.812891226281824,50.55521057693752,49.51067164097002
2,7,255.0,177.15151515151516,255.0,255.0,36.89193240585645,25.7759387325843,54.36602626381107,53.21480491258973
2,8,255.0,177.03030303030303,255.0,255.0,39.11682369389422,27.73898623888678,58.176841950684626,56.91893818420944
2,9,246.8181818181818,177.0,240.0,246.0909090909091,38.48967111214653,25.895705888281267,68.97790648592753,67.74411329655868
2,10,235.9090909090909,177.0,220.0,234.21212121212122,36.91183724047037,22.783649585373084,82.10905397062692,80.94296902248448
2,11,225.0,177.0,199.99999999999997,222.33333333333331,35.3340033687942,19.671593282464897,95.24020145532631,94.14182474841026
2,12,214.0909090909091,177.0,180.0,210.45454545454544,33.75616949711804,16.55953697955672,108.37134894002568,107.34068047433603
2,13,203.1818181818182,177.0,160.0,198.5757575757576,32.178335625441875,13.447480676648544,121.50249642472504,120.53953620026178
2,14,192.27272727272725,177.0,140.0,186.6969696969697,30.600501753765705,10.33542437374036,134.63364390942442,133.73839192618757
2,15,181.36363636363635,177.0,119.99999999999997,174.8181818181818,29.022667882089543,7.223368070832176,147.76479139412382,146.93724765211334
2,16,170.45454545454544,177.0,100.0,162.93939393939394,27.444834010413377,4.1113117679240005,160.8959388788232,160.13610337803914
2,17,165.6060606060606,177.12121212121212,90.0,158.03030303030303,27.884219290027513,2.911867861203141,164.28547829157017,163.49577021687637
2,18,166.8181818181818,177.36363636363637,90.0,160.0909090909091,30.34082372093195,3.6250363506696006,157.93340963236477,157.01624816862505
2,19,168.03030303030303,177.6060606060606,90.0,162.15151515151516,32.7974281518364,4.338204840136063,151.58134097315937,150.53672612037371
2,20,169.24242424242425,177.84848484848484,90.0,164.21212121212122,35.254032582740834,5.051373329602523,145.229272313954,144.0572040721224
2,21,170.45454545454547,178.0909090909091,90.0,166.27272727272728,37.71063701364527,5.764541819068983,138.87720365474863,137.5776820238711
2,22,171.66666666666666,178.33333333333334,90.0,168.33333333333334,40.16724144454972,6.477710308535446,132.52513499554323,131.09815997561975
2,23,172.87878787878788,178.57575757575756,90.0,170.3939393939394,42.62384587545415,7.190878798001905,126.17306633633783,124.61863792736845
2,24,174.0909090909091,178.8181818181818,90.0,172.45454545454547,45.080450306358586,7.904047287468365,119.82099767713245,118.13911587911716
2,25,173.3030303030303,178.8181818181818,88.0,172.33333333333334,45.92297257773198,8.21637035993539,114.07752885493808,112.35002594748927
2,26,166.51515151515153,178.0909090909091,80.00000000000001,165.66666666666669,41.92324837051223,7.3261571814041035,110.15985954377675,108.63223236573171
2,27,159.72727272727272,177.36363636363637,71.99999999999999,159.0,37.92352416329247,6.435944002872815,106.2421902326154,104.91443878397413
2,28,152.93939393939394,176.63636363636363,63.99999999999999,152.33333333333331,33.92379995607273,5.54573082434153,102.32452092145405,101.19664520221657
2,29,146.15151515151516,175.9090909090909,56.0,145.66666666666666,29.924075748852978,4.655517645810244,98.40685161029272,97.47885162045901
2,30,139.36363636363635,175.1818181818182,47.99999999999998,139.0,25.924351541633214,3.7653044672789564,94.48918229913137,93.76105803870144
2,31,132.57575757575756,174.45454545454544,39.999999999999986,132.33333333333331,21.92462733441347,2.8750912887476714,90.57151298797004,90.04326445694387
2,32,125.78787878787878,173.72727272727272,31.999999999999993,125.66666666666666,17.92490312719372,1.9848781102163855,86.6538436768087,86.32547087518631
2,33,119.0,173.0,24.0,119.0,13.925178919973975,1.094664931685101,82.73617436564737,82.60767729342875
2,34,117.9090909090909,173.0,23.151515151515152,117.78787878787878,13.83965639095356,1.0770877009084556,84.60958841560257,84.48014738580775
2,35,116.81818181818181,173.0,22.303030303030305,116.57575757575758,13.754133861933147,1.0595104701318105,86.48300246555777,86.35261747818676
2,36,115.72727272727273,173.0,21.454545454545457,115.36363636363637,13.668611332912732,1.0419332393551652,88.35641651551296,88.22508757056576
2,37,114.63636363636363,173.0,20.606060606060602,114.15151515151514,13.583088803892316,1.02435600857852,90.22983056546818,90.09755766294478
2,38,113.54545454545455,173.0,19.757575757575754,112.93939393939394,13.497566274871902,1.0067787778018746,92.10324461542338,91.9700277553238
2,39,112.45454545454545,173.0,18.909090909090907,111.72727272727272,13.412043745851488,0.9892015470252296,93.97665866537858,93.84249784770279
2,40,111.36363636363636,173.0,18.06060606060606,110.51515151515152,13.326521216831074,0.9716243162485843,95.85007271533377,95.7149679400818
2,41,110.27272727272728,173.0,17.21212121212121,109.3030303030303,13.24099868781066,0.9540470854719391,97.72348676528897,97.58743803246081
2,42,101.36363636363637,172.27272727272728,16.454545454545453,100.45454545454547,13.570176193755739,0.975678046700774,99.19604527417027,99.05896628623901
2,43,89.84848484848487,171.3030303030303,15.727272727272728,89.06060606060608,14.037587044689316,1.0103784052647689,100.53498526936026,100.39684726048363
2,44,78.33333333333329,170.33333333333331,14.999999999999996,77.66666666666661,14.504997895622898,1.045078763828764,101.87392526455027,101.73472823472824
2,45,66.81818181818177,169.36363636363637,14.27272727272727,66.27272727272722,14.972408746556475,1.0797791223927589,103.21286525974027,103.07260920897285
2,46,55.30303030303027,168.39393939393938,13.545454545454543,54.87878787878785,15.439819597490052,1.1144794809567538,104.55180525493026,104.41049018321746
2,47,43.78787878787877,167.42424242424244,12.818181818181817,43.484848484848456,15.90723044842363,1.1491798395207486,105.89074525012025,105.74837115746207
2,48,32.27272727272725,166.45454545454544,12.09090909090909,32.09090909090908,16.374641299357208,1.1838801980847435,107.22968524531025,107.08625213170669
2,49,20.75757575757575,165.4848484848485,11.363636363636363,20.69696969696969,16.842052150290787,1.2185805566487384,108.56862524050024,108.4241331059513
2,50,14.757575757575758,165.0,10.636363636363637,14.757575757575758,16.430473566837204,1.177259609077791,108.81637806637806,108.67798110979929
2,51,14.272727272727273,165.0,9.90909090909091,14.272727272727273,15.13990554899646,1.059917355371901,107.97294372294373,107.84779614325069
2,52,13.787878787878789,165.0,9.181818181818183,13.787878787878789,13.849337531155715,0.9425751016660109,107.12950937950939,107.01761117670209
2,53,13.303030303030301,165.0,8.454545454545451,13.303030303030301,12.558769513314962,0.8252328479601201,106.28607503607503,106.18742621015349
2,54,12.818181818181817,165.0,7.727272727272725,12.818181818181817,11.268201495474218,0.7078905942542302,105.4426406926407,105.35724124360488
2,55,12.333333333333332,165.0,6.999999999999998,12.333333333333332,9.977633477633475,0.5905483405483402,104.59920634920634,104.52705627705627
2,56,11.848484848484848,165.0,6.272727272727272,11.848484848484848,8.68706545979273,0.47320608684245025,103.755772005772,103.69687131050767
2,57,11.363636363636363,165.0,5.545454545454545,11.363636363636363,7.396497441951986,0.3558638331365602,102.91233766233765,102.86668634395907
2,58,10.878787878787879,160.0,4.848484848484849,10.878787878787879,6.233766233766234,0.2597402597402597,102.13155363155363,102.0969215969216
2,59,10.393939393939394,140.00000000000003,4.242424242424243,10.393939393939394,5.454545454545456,0.2272727272727273,101.53872053872054,101.50841750841751
2,60,9.909090909090907,119.99999999999989,3.636363636363633,9.909090909090907,4.6753246753246716,0.19480519480519462,100.94588744588744,100.91991341991341
2,61,9.424242424242422,99.99999999999991,3.0303030303030276,9.424242424242422,3.896103896103893,0.16233766233766217,100.35305435305435,100.33140933140933
2,62,8.939393939393938,79.99999999999993,2.424242424242422,8.939393939393938,3.1168831168831144,0.12987012987012975,99.76022126022126,99.74290524290524
2,63,8.454545454545453,59.99999999999994,1.8181818181818166,8.454545454545453,2.3376623376623353,0.09740259740259732,99.16738816738817,99.15440115440116
2,64,7.969696969696969,39.99999999999997,1.212121212121211,7.969696969696969,1.5584415584415572,0.06493506493506487,98.57455507455506,98.56589706589706
2,65,7.484848484848484,19.99999999999997,0.6060606060606055,7.484848484848484,0.7792207792207781,0.03246753246753245,97.98172198172198,97.97739297739298
2,66,7.0,0.0,0.0,7.0,0.0,0.0,97.38888888888889,97.38888888888889
2,67,7.242424242424242,3.636363636363633,0.6060606060606055,7.242424242424242,1.09090909090909,0.18181818181818166,97.78619528619528,97.78619528619528
2,68,7.484848484848484,7.272727272727266,1.212121212121211,7.484848484848484,2.18181818181818,0.3636363636363633,98.18350168350167,98.18350168350167
2,69,7.727272727272727,10.9090909090909,1.8181818181818166,7.727272727272727,3.27272727272727,0.545454545454545,98.58080808080808,98.58080808080808
2,70,7.969696969696969,14.545454545454533,2.424242424242422,7.969696969696969,4.36363636363636,0.7272727272727266,98.97811447811448,98.97811447811448
2,71,8.212121212121211,18.181818181818166,3.0303030303030276,8.212121212121211,5.45454545454545,0.9090909090909083,99.37542087542087,99.37542087542087
2,72,8.454545454545453,21.8181818181818,3.636363636363633,8.454545454545453,6.54545454545454,1.09090909090909,99.77272727272728,99.77272727272728
2,73,8.696969696969699,25.454545454545485,4.2424242424242475,8.696969696969699,7.636363636363646,1.2727272727272743,100.17003367003367,100.17003367003367
2,74,8.939393939393941,29.09090909090912,4.848484848484853,8.939393939393941,8.727272727272736,1.454545454545456,100.56734006734007,100.56734006734007
2,75,8.636363636363633,27.27272727272725,4.545454545454541,8.45454545454545,10.909090909090926,1.818181818181821,100.90151515151516,100.90151515151516
2,76,8.151515151515149,23.636363636363615,3.939393939393936,7.727272727272723,13.45454545454547,2.242424242424245,101.21464646464646,101.21464646464646
2,77,7.666666666666664,19.999999999999982,3.3333333333333304,6.9999999999999964,16.000000000000014,2.6666666666666687,101.52777777777779,101.52777777777779
2,78,7.18181818181818,16.36363636363635,2.727272727272725,6.27272727272727,18.545454545454554,3.0909090909090926,101.8409090909091,101.8409090909091
2,79,6.6969696969696955,12.727272727272716,2.1212121212121193,5.545454545454543,21.0909090909091,3.5151515151515165,102.1540404040404,102.1540404040404
2,80,6.212121212121211,9.090909090909083,1.5151515151515138,4.818181818181817,23.63636363636364,3.9393939393939403,102.46717171717172,102.46717171717172
2,81,5.727272727272727,5.45454545454545,0.9090909090909083,4.09090909090909,26.181818181818187,4.363636363636364,102.78030303030303,102.78030303030303
2,82,5.242424242424242,1.8181818181818166,0.30303030303030276,3.3636363636363633,28.727272727272727,4.787878787878788,103.09343434343434,103.09343434343434
2,83,4.757575757575758,0.0,0.0,2.878787878787879,28.181818181818183,4.696969696969697,103.1540404040404,103.1540404040404
2,84,4.272727272727273,0.0,0.0,2.6363636363636367,24.54545454545455,4.090909090909092,102.96212121212122,102.96212121212122
2,85,3.787878787878789,0.0,0.0,2.3939393939393945,20.909090909090917,3.484848484848486,102.77020202020202,102.77020202020202
2,86,3.3030303030303045,0.0,0.0,2.1515151515151523,17.272727272727284,2.8787878787878807,102.57828282828284,102.57828282828284
2,87,2.81818181818182,0.0,0.0,1.90909090909091,13.636363636363651,2.272727272727275,102.38636363636364,102.38636363636364
2,88,2.3333333333333286,0.0,0.0,1.6666666666666643,9.999999999999964,1.6666666666666607,102.19444444444444,102.19444444444444
2,89,1.8484848484848442,0.0,0.0,1.424242424242422,6.363636363636331,1.0606060606060552,102.00252525252526,102.00252525252526
2,90,1.3636363636363598,0.0,0.0,1.1818181818181799,2.727272727272698,0.4545454545454497,101.81060606060606,101.81060606060606
2,91,1.0,0.0,0.0,1.0,0.0,0.0,101.63131313131314,101.63131313131314
2,92,1.0,0.0,0.0,1.0,0.0,0.0,101.48989898989899,101.48989898989899
2,93,1.0,0.0,0.0,1.0,0.0,0.0,101.34848484848484,101.34848484848484
2,94,1.0,0.0,0.0,1.0,0.0,0.0,101.20707070707071,101.20707070707071
2,95,1.0,0.0,0.0,1.0,0.0,0.0,101.06565656565657,101.06565656565657
2,96,1.0,0.0,0.0,1.0,0.0,0.0,100.92424242424242,100.92424242424242
2,97,1.0,0.0,0.0,1.0,0.0,0.0,100.78282828282829,100.78282828282829
2,98,1.0,0.0,0.0,1.0,0.0,0.0,100.64141414141415,100.64141414141415
2,99,1.0,0.0,0.0,1.0,0.0,0.0,100.5,100.5
3,0,255.0,179.0,255.0,255.0,82.18809423347398,56.19857243319269,56.878762306610405,52.32845288326301
3,1,255.0,179.0,255.0,255.0,82.29998992428467,55.60892225319893,57.26598392855174,52.79863389398652
3,2,255.0,179.0,255.0,255.0,82.41188561509537,55.019272073205165,57.65320555049307,53.26881490471003
3,3,255.0,179.0,255.0,255.0,82.52378130590608,54.429621893211404,58.040427172434406,53.73899591543353
3,4,255.0,179.0,255.0,255.0,82.63567699671678,53.83997171321764,58.427648794375735,54.209176926157035
3,5,255.0,179.0,255.0,255.0,82.74757268752748,53.25032153322388,58.81487041631707,54.67935793688054
3,6,255.0,179.0,255.0,255.0,82.85946837833818,52.66067135323012,59.2020920382584,55.14953894760405
3,7,255.0,179.0,255.0,255.0,82.97136406914888,52.07102117323636,59.589313660199736,55.61971995832755
3,8,255.0,179.0,255.0,255.0,83.08325975995959,51.4813709932426,59.976535282141064,56.08990096905106
3,9,255.0,178.8181818181818,255.0,255.0,80.0289195211247,48.246831668739446,66.52745740948612,62.75537542289218
3,10,255.0,178.57575757575756,255.0,255.0,75.91916730574128,44.13066262939982,75.13294637196574,71.48594769110585
3,11,255.0,178.33333333333334,255.0,255.0,71.80941509035787,40.0144935900602,83.73843533444538,80.21651995931953
3,12,255.0,178.0909090909091,255.0,255.0,67.69966287497446,35.89832455072058,92.343924296925,88.94709222753318
3,13,255.0,177.84848484848484,255.0,255.0,63.589910659591055,31.782155511380967,100.94941325940462,97.67766449574682
3,14,255.0,177.6060606060606,255.0,255.0,59.48015844420764,27.665986472041343,109.55490222188425,106.4082367639605
3,15,255.0,177.36363636363637,255.0,255.0,55.37040622882422,23.54981743270172,118.16039118436389,115.13880903217418
3,16,255.0,177.12121212121212,255.0,255.0,51.26065401344081,19.433648393362102,126.7658801468435,123.86938130038783
3,17,250.21212121212122,177.06060606060606,246.51515151515153,249.42424242424244,47.62012033782758,16.87374906464461,130.60118190969757,127.83718578848554
3,18,240.63636363636365,177.1818181818182,229.54545454545456,238.27272727272728,44.44880520198451,15.870119446549243,129.66629647292606,127.0422224964673
3,19,231.06060606060606,177.3030303030303,212.57575757575756,227.1212121212121,41.27749006614144,14.866489828453872,128.73141103615455,126.24725920444907
3,20,221.48484848484847,177.42424242424244,195.6060606060606,215.96969696969697,38.10617493029837,13.862860210358505,127.79652559938305,125.45229591243083
3,21,211.9090909090909,177.54545454545453,178.63636363636363,204.8181818181818,34.934859794455306,12.859230592263138,126.86164016261154,124.65733262041259
3,22,202.33333333333331,177.66666666666666,161.66666666666663,193.66666666666663,31.763544658612233,11.855600974167768,125.92675472584003,123.86236932839434
3,23,192.75757575757575,177.78787878787878,144.6969696969697,182.5151515151515,28.592229522769166,10.851971356072399,124.99186928906853,123.0674060363761
3,24,183.1818181818182,177.9090909090909,127.72727272727272,171.36363636363637,25.420914386926103,9.848341737977032,124.05698385229702,122.27244274435786
3,25,178.3939393939394,178.0,119.24242424242424,165.78787878787878,24.264580360710443,10.741476916629411,122.43959385263993,120.64981404196543
3,26,187.96969696969697,178.0,136.2121212121212,176.93939393939394,29.153189663377002,17.32490648552503,118.77469016432605,116.5441891084504
3,27,197.54545454545456,178.0,153.18181818181822,188.09090909090912,34.04179896604358,23.908336054420673,115.10978647601215,112.43856417493535
3,28,207.12121212121212,178.0,170.15151515151516,199.24242424242425,38.93040826871014,30.49176562331629,111.44488278769826,108.33293924142032
3,29,216.6969696969697,178.0,187.12121212121212,210.39393939393938,43.81901757137669,37.07519519221191,107.77997909938438,104.22731430790529
3,30,226.2727272727273,178.0,204.09090909090912,221.54545454545456,48.70762687404327,43.65862476110755,104.11507541107048,100.12168937439024
3,31,235.84848484848487,178.0,221.0606060606061,232.69696969696972,53.59623617670982,50.24205433000317,100.4501717227566,96.01606444087521
3,32,245.42424242424244,178.0,238.03030303030306,243.84848484848487,58.48484547937638,56.82548389889879,96.78526803444271,91.91043950736018
3,33,255.0,178.0,255.0,255.0,63.37345478204294,63.408913467794406,93.12036434612882,87.80481457384515
3,34,255.0,178.12121212121212,255.0,255.0,68.40636514516231,68.80747530334794,87.90691109205261,82.47367543358109
3,35,255.0,178.24242424242425,255.0,255.0,73.43927550828168,74.20603713890148,82.6934578379764,77.14253629331704
3,36,255.0,178.36363636363637,255.0,255.0,78.47218587140105,79.60459897445502,77.48000458390017,71.81139715305298
3,37,255.0,178.4848484848485,255.0,255.0,83.50509623452045,85.00316081000858,72.26655132982393,66.4802580127889
3,38,255.0,178.6060606060606,255.0,255.0,88.53800659763982,90.40172264556213,67.0530980757477,61.14911887252484
3,39,255.0,178.72727272727272,255.0,255.0,93.57091696075919,95.80028448111565,61.839644821671484,55.81797973226078
3,40,255.0,178.84848484848484,255.0,255.0,98.60382732387856,101.1988463166692,56.62619156759527,50.48684059199673
3,41,255.0,178.96969696969697,255.0,255.0,103.63673768699793,106.59740815222273,51.41273831351906,45.155701451732675
3,42,255.0,178.72727272727272,254.63636363636363,253.45454545454547,97.62214474288338,99.41900129542177,57.70057310114127,51.71780303030302
3,43,255.0,178.36363636363637,254.15151515151516,251.3939393939394,87.92505069635752,88.04827154116929,67.82217056932964,62.24431818181816
3,44,255.0,178.0,253.66666666666666,249.33333333333331,78.2279566498316,76.67754178691673,77.94376803751808,72.77083333333339
3,45,255.0,177.63636363636363,253.1818181818182,247.27272727272725,68.53086260330574,65.30681203266425,88.06536550570645,83.29734848484853
3,46,255.0,177.27272727272728,252.6969696969697,245.21212121212122,58.83376855677989,53.936082278411796,98.18696297389482,93.82386363636367
3,47,255.0,176.9090909090909,252.21212121212122,243.15151515151516,49.13667451025403,42.56535252415932,108.30856044208319,104.35037878787881
3,48,255.0,176.54545454545453,251.72727272727272,241.0909090909091,39.43958046372818,31.194622769906857,118.43015791027156,114.87689393939394
3,49,255.0,176.1818181818182,251.24242424242425,239.03030303030303,29.742486417202315,19.823893015654377,128.55175537845992,125.4034090909091
3,50,240.3939393939394,166.12121212121212,236.21212121212122,223.8787878787879,24.222156631247543,14.217073330709695,133.64072543618,130.6590909090909
3,51,211.18181818181822,146.36363636363637,206.63636363636368,195.63636363636368,22.878591105863837,14.374163715072806,133.69706808343173,130.64393939393938
3,52,181.96969696969705,126.60606060606065,177.06060606060612,167.39393939393946,21.53502558048013,14.531254099435918,133.75341073068347,130.62878787878788
3,53,152.75757575757564,106.84848484848476,147.48484848484836,139.151515151515,20.191460055096414,14.68834448379903,133.8097533779352,130.61363636363635
3,54,123.54545454545445,87.09090909090902,117.90909090909082,110.90909090909082,18.847894529712708,14.845434868162142,133.86609602518695,130.59848484848484
3,55,94.33333333333326,67.33333333333329,88.33333333333326,82.6666666666666,17.504329004329,15.002525252525254,133.9224386724387,130.58333333333331
3,56,65.12121212121207,47.575757575757535,58.75757575757572,54.42424242424238,16.160763478945295,15.159615636888365,133.97878131969043,130.5681818181818
3,57,35.90909090909088,27.818181818181813,29.18181818181816,26.18181818181816,14.817197953561589,15.316706021251477,134.03512396694217,130.55303030303028
3,58,14.151515151515152,17.878787878787875,7.454545454545454,5.242424242424242,14.030363155363156,15.325396825396826,134.04641654641657,130.54545454545453
3,59,14.757575757575758,37.39393939393938,9.27272727272727,6.212121212121211,14.913720538720538,14.88888888888889,133.92255892255892,130.56060606060606
3,60,15.363636363636367,56.90909090909101,11.0909090909091,7.181818181818187,15.797077922077927,14.45238095238095,133.7987012987013,130.57575757575756
3,61,15.969696969696972,76.42424242424251,12.909090909090917,8.151515151515156,16.68043530543531,14.015873015873014,133.6748436748437,130.5909090909091
3,62,16.575757575757578,95.93939393939401,14.727272727272734,9.121212121212125,17.56379268879269,13.579365079365079,133.55098605098604,130.6060606060606
3,63,17.181818181818183,115.45454545454551,16.54545454545455,10.090909090909093,18.447150072150073,13.142857142857142,133.42712842712842,130.62121212121212
3,64,17.78787878787879,134.969696969697,18.363636363636367,11.060606060606062,19.33050745550746,12.706349206349206,133.3032708032708,130.63636363636363
3,65,18.393939393939394,154.4848484848485,20.181818181818183,12.030303030303031,20.21386483886484,12.26984126984127,133.17941317941316,130.65151515151516
3,66,19.0,174.0,22.0,13.0,21.09722222222222,11.833333333333334,133.05555555555554,130.66666666666666
3,67,18.757575757575758,159.69696969696972,21.03030303030303,12.757575757575758,21.210690235690237,11.380808080808082,133.0164983164983,130.73939393939392
3,68,18.515151515151516,145.39393939393943,20.060606060606062,12.515151515151516,21.32415824915825,10.92828282828283,132.97744107744106,130.8121212121212
3,69,18.272727272727273,131.09090909090912,19.090909090909093,12.272727272727273,21.437626262626264,10.475757575757576,132.93838383838383,130.88484848484848
3,70,18.03030303030303,116.78787878787884,18.121212121212125,12.030303030303031,21.551094276094275,10.023232323232325,132.8993265993266,130.95757575757577
3,71,17.78787878787879,102.48484848484856,17.151515151515156,11.787878787878789,21.66456228956229,9.570707070707073,132.86026936026934,131.03030303030303
3,72,17.545454545454547,88.18181818181826,16.181818181818187,11.545454545454547,21.778030303030302,9.11818181818182,132.8212121212121,131.10303030303032
3,73,17.3030303030303,73.87878787878776,15.212121212121204,11.303030303030301,21.891498316498318,8.665656565656562,132.78215488215486,131.1757575757576
3,74,17.06060606060606,59.575757575757464,14.242424242424235,11.060606060606059,22.004966329966333,8.21313131313131,132.74309764309763,131.24848484848485
3,75,16.181818181818173,51.545454545454504,13.363636363636358,10.272727272727266,21.371212121212118,8.386363636363638,132.8560606060606,131.29545454545456
3,76,15.090909090909085,45.60606060606057,12.51515151515151,9.303030303030297,20.488383838383836,8.76818181818182,133.01969696969695,131.33383838383838
3,77,13.999999999999995,39.666666666666636,11.666666666666663,8.333333333333329,19.605555555555554,9.150000000000002,133.18333333333334,131.37222222222223
3,78,12.909090909090905,33.727272727272705,10.818181818181815,7.36363636363636,18.72272727272727,9.531818181818183,133.3469696969697,131.41060606060609
3,79,11.818181818181815,27.787878787878768,9.969696969696967,6.393939393939391,17.839898989898987,9.913636363636364,133.51060606060605,131.4489898989899
3,80,10.727272727272725,21.848484848484837,9.12121212121212,5.424242424242422,16.957070707070706,10.295454545454547,133.67424242424244,131.48737373737376
3,81,9.636363636363635,15.9090909090909,8.272727272727272,4.454545454545453,16.074242424242424,10.677272727272728,133.8378787878788,131.52575757575758
3,82,8.545454545454545,9.969696969696969,7.424242424242424,3.4848484848484844,15.19141414141414,11.059090909090909,134.00151515151515,131.56414141414143
3,83,7.9393939393939394,7.0,6.757575757575758,2.878787878787879,14.36111111111111,11.234848484848484,134.0580808080808,131.5277777777778
3,84,7.818181818181818,7.0,6.272727272727273,2.6363636363636367,13.583333333333334,11.204545454545455,134.00757575757575,131.41666666666669
3,85,7.696969696969697,7.0,5.787878787878789,2.3939393939393945,12.805555555555557,11.174242424242424,133.9570707070707,131.30555555555557
3,86,7.575757575757576,7.0,5.3030303030303045,2.1515151515151523,12.02777777777778,11.143939393939394,133.90656565656565,131.19444444444446
3,87,7.454545454545455,7.0,4.81818181818182,1.90909090909091,11.250000000000004,11.113636363636363,133.8560606060606,131.08333333333334
3,88,7.333333333333332,7.0,4.333333333333329,1.6666666666666643,10.472222222222214,11.083333333333332,133.80555555555554,130.97222222222223
3,89,7.212121212121211,7.0,3.848484848484844,1.424242424242422,9.69444444444444,11.053030303030303,133.7550505050505,130.86111111111111
3,90,7.09090909090909,7.0,3.3636363636363598,1.1818181818181799,8.91666666666666,11.022727272727273,133.70454545454544,130.75
3,91,7.0,7.121212121212125,3.0,1.0303030303030312,8.64141414141415,11.015151515151516,133.64646464646464,130.67676767676767
3,92,7.0,7.606060606060609,3.0,1.1515151515151523,9.873737373737383,11.075757575757576,133.56565656565655,130.7171717171717
3,93,7.0,8.090909090909093,3.0,1.2727272727272734,11.106060606060613,11.136363636363637,133.48484848484847,130.75757575757575
3,94,7.0,8.575757575757578,3.0,1.3939393939393945,12.338383838383844,11.196969696969697,133.4040404040404,130.7979797979798
3,95,7.0,9.060606060606062,3.0,1.5151515151515156,13.570707070707076,11.257575757575758,133.32323232323233,130.83838383838383
3,96,7.0,9.545454545454547,3.0,1.6363636363636367,14.803030303030306,11.318181818181818,133.24242424242425,130.87878787878788
3,97,7.0,10.030303030303031,3.0,1.7575757575757578,16.035353535353536,11.378787878787879,133.16161616161617,130.91919191919192
3,98,7.0,10.515151515151516,3.0,1.878787878787879,17.267676767676768,11.43939393939394,133.08080808080808,130.95959595959596
3,99,7.0,11.0,3.0,2.0,18.5,11.5,133.0,131.0
