0,0,254.0,179.0,202.0,215.0,36.09327485380117,153.6455165692008,148.76267056530213,102.83538011695906
0,1,250.8181818181818,179.0,193.63636363636363,211.45454545454547,33.46450311384522,152.69346589778922,147.42782203524683,101.99598563508337
0,2,247.63636363636363,179.0,185.27272727272728,207.9090909090909,30.835731373889267,151.74141522637765,146.09297350519154,101.15659115320769
0,3,244.45454545454547,179.0,176.9090909090909,204.36363636363637,28.20695963393332,150.78936455496606,144.75812497513624,100.31719667133201
0,4,241.27272727272728,179.0,168.54545454545456,200.8181818181818,25.578187893977365,149.8373138835545,143.42327644508094,99.47780218945633
0,5,238.0909090909091,179.0,160.1818181818182,197.27272727272728,22.949416154021414,148.88526321214292,142.08842791502565,98.63840770758064
0,6,234.9090909090909,179.0,151.8181818181818,193.72727272727272,20.32064441406547,147.93321254073135,140.75357938497035,97.79901322570495
0,7,231.72727272727272,179.0,143.45454545454544,190.1818181818182,17.691872674109515,146.98116186931978,139.41873085491505,96.95961874382927
0,8,228.54545454545453,179.0,135.0909090909091,186.63636363636363,15.063100934153564,146.0291111979082,138.08388232485976,96.12022426195358
0,9,225.36363636363637,179.0,126.72727272727272,183.0909090909091,12.434329194197613,145.0770605264966,136.74903379480446,95.28082978007791
0,10,222.1818181818182,179.0,118.36363636363636,179.54545454545453,9.805557454241661,144.12500985508504,135.41418526474916,94.44143529820222
0,11,219.0,179.0,110.0,176.0,7.176785714285714,143.17295918367347,134.07933673469387,93.60204081632654
0,12,221.1818181818182,164.45454545454547,112.27272727272727,169.45454545454547,7.883307868601985,145.30471982181302,142.56209756629923,100.29961902116219
0,13,223.36363636363637,149.9090909090909,114.54545454545455,162.9090909090909,8.589830022918258,147.43648045995258,151.04485839790462,106.99719722599785
0,14,225.54545454545453,135.36363636363637,116.81818181818181,156.36363636363637,9.29635217723453,149.56824109809213,159.52761922950998,113.69477543083349
0,15,227.72727272727272,120.8181818181818,119.0909090909091,149.8181818181818,10.002874331550803,151.70000173623168,168.01038006111537,120.39235363566915
0,16,229.9090909090909,106.27272727272727,121.36363636363636,143.27272727272725,10.709396485867074,153.83176237437124,176.4931408927207,127.0899318405048
0,17,232.0909090909091,91.72727272727273,123.63636363636364,136.72727272727275,11.415918640183346,155.9635230125108,184.9759017243261,133.78751004534047
0,18,234.27272727272728,77.18181818181816,125.9090909090909,130.1818181818182,12.122440794499619,158.09528365065034,193.45866255593145,140.48508825017612
0,19,236.45454545454544,62.636363636363626,128.1818181818182,123.63636363636363,12.82896294881589,160.2270442887899,201.94142338753682,147.18266645501177
0,20,238.63636363636363,48.090909090909065,130.45454545454547,117.09090909090908,13.535485103132164,162.35880492692945,210.4241842191422,153.88024465984742
0,21,240.8181818181818,33.54545454545453,132.72727272727272,110.54545454545453,14.242007257448435,164.490565565069,218.90694505074757,160.57782286468307
0,22,243.0,19.0,135.0,104.0,14.948529411764707,166.62232620320856,227.38970588235293,167.27540106951872
0,23,243.72727272727272,18.90909090909091,131.45454545454547,101.45454545454545,14.775063468913737,171.0068285349034,227.38197932984028,164.94151857253462
0,24,244.45454545454544,18.81818181818182,127.90909090909092,98.9090909090909,14.601597526062767,175.39133086659825,227.37425277732763,162.60763607555052
0,25,245.1818181818182,18.727272727272727,124.36363636363636,96.36363636363636,14.428131583211798,179.7758331982931,227.36652622481498,160.2737535785664
0,26,245.9090909090909,18.636363636363637,120.81818181818181,93.81818181818181,14.254665640360827,184.16033552998795,227.35879967230233,157.9398710815823
0,27,246.63636363636363,18.545454545454547,117.27272727272727,91.27272727272727,14.081199697509858,188.5448378616828,227.35107311978967,155.6059885845982
0,28,247.36363636363637,18.454545454545453,113.72727272727273,88.72727272727273,13.907733754658889,192.9293401933776,227.34334656727705,153.2721060876141
0,29,248.0909090909091,18.363636363636363,110.18181818181819,86.18181818181819,13.73426781180792,197.31384252507246,227.3356200147644,150.93822359063
0,30,248.8181818181818,18.272727272727273,106.63636363636363,83.63636363636363,13.560801868956949,201.69834485676733,227.32789346225175,148.6043410936459
0,31,249.54545454545456,18.18181818181818,103.0909090909091,81.0909090909091,13.38733592610598,206.08284718846215,227.3201669097391,146.2704585966618
0,32,250.27272727272728,18.09090909090909,99.54545454545453,78.54545454545455,13.213869983255009,210.467349520157,227.31244035722645,143.9365760996777
0,33,251.0,18.0,96.0,76.0,13.04040404040404,214.85185185185185,227.3047138047138,141.6026936026936
0,34,246.45454545454547,17.181818181818183,97.27272727272727,71.9090909090909,13.69489630986957,207.15902615902615,229.02032805776122,147.62976259232943
0,35,241.9090909090909,16.36363636363636,98.54545454545455,67.81818181818181,14.349388579335105,199.46620046620043,230.7359423108086,153.6568315819653
0,36,237.36363636363635,15.545454545454543,99.81818181818183,63.72727272727272,15.003880848800636,191.77337477337474,232.45155656385603,159.6839005716011
0,37,232.8181818181818,14.727272727272727,101.0909090909091,59.636363636363626,15.658373118266166,184.08054908054908,234.16717081690345,165.71096956123694
0,38,228.27272727272728,13.909090909090908,102.36363636363636,55.54545454545455,16.312865387731698,176.38772338772338,235.88278506995084,171.73803855087277
0,39,223.72727272727272,13.090909090909092,103.63636363636364,51.45454545454545,16.96735765719723,168.6948976948977,237.59839932299826,177.7651075405086
0,40,219.18181818181816,12.27272727272727,104.9090909090909,47.363636363636346,17.62184992666276,161.00207200207197,239.31401357604568,183.79217653014447
0,41,214.63636363636363,11.454545454545453,106.18181818181819,43.27272727272726,18.276342196128294,153.30924630924628,241.02962782909307,189.81924551978028
0,42,210.09090909090907,10.636363636363635,107.45454545454545,39.18181818181817,18.930834465593826,145.6164206164206,242.7452420821405,195.84631450941612
0,43,205.54545454545453,9.818181818181817,108.72727272727273,35.090909090909086,19.585326735059354,137.92359492359492,244.46085633518788,201.87338349905195
0,44,201.0,9.0,110.0,31.0,20.239819004524886,130.23076923076923,246.1764705882353,207.9004524886878
0,45,197.1818181818182,9.0,103.18181818181819,30.727272727272727,19.92205768088121,131.3188811188811,245.83416518122402,206.465057817999
0,46,193.36363636363637,9.0,96.36363636363637,30.454545454545453,19.604296357237533,132.406993006993,245.4918597742127,205.0296631473102
0,47,189.54545454545456,9.0,89.54545454545456,30.181818181818183,19.286535033593857,133.49510489510487,245.14955436720143,203.59426847662144
0,48,185.72727272727275,9.0,82.72727272727275,29.90909090909091,18.96877370995018,134.58321678321678,244.80724896019015,202.15887380593264
0,49,181.90909090909088,9.0,75.90909090909088,29.636363636363633,18.6510123863065,135.67132867132867,244.46494355317884,200.72347913524385
0,50,178.09090909090907,9.0,69.09090909090907,29.363636363636363,18.333251062662825,136.75944055944055,244.12263814616756,199.28808446455506
0,51,174.27272727272725,9.0,62.27272727272725,29.09090909090909,18.01548973901915,137.84755244755243,243.78033273915625,197.85268979386626
0,52,170.45454545454544,9.0,55.45454545454544,28.818181818181817,17.697728415375472,138.93566433566434,243.43802733214497,196.41729512317747
0,53,166.63636363636363,9.0,48.636363636363626,28.545454545454547,17.379967091731796,140.02377622377622,243.0957219251337,194.9819004524887
0,54,162.8181818181818,9.0,41.81818181818181,28.272727272727273,17.06220576808812,141.1118881118881,242.75341651812238,193.5465057817999
0,55,159.0,9.0,35.0,28.0,16.744444444444444,142.2,242.4111111111111,192.11111111111111
0,56,159.0,8.545454545454547,34.36363636363637,26.0,17.053391053391053,142.74805194805194,243.27243867243865,193.44906204906204
0,57,159.0,8.090909090909092,33.72727272727273,24.000000000000004,17.362337662337662,143.2961038961039,244.1337662337662,194.787012987013
0,58,159.0,7.636363636363638,33.09090909090909,22.000000000000007,17.67128427128427,143.84415584415584,244.99509379509377,196.12496392496394
0,59,159.0,7.181818181818179,32.45454545454545,19.999999999999986,17.98023088023088,144.39220779220778,245.85642135642135,197.46291486291486
0,60,159.0,6.727272727272725,31.818181818181813,17.99999999999999,18.28917748917749,144.94025974025973,246.7177489177489,198.8008658008658
0,61,159.0,6.272727272727271,31.18181818181818,15.999999999999991,18.5981240981241,145.48831168831168,247.57907647907646,200.13881673881673
0,62,159.0,5.818181818181817,30.545454545454543,13.999999999999993,18.90707070707071,146.03636363636363,248.44040404040402,201.47676767676768
0,63,159.0,5.363636363636362,29.909090909090907,11.999999999999993,19.216017316017314,146.58441558441558,249.3017316017316,202.81471861471863
0,64,159.0,4.909090909090908,29.272727272727273,9.999999999999996,19.524963924963924,147.13246753246753,250.16305916305916,204.15266955266955
0,65,159.0,4.454545454545454,28.636363636363637,8.0,19.833910533910533,147.68051948051948,251.02438672438672,205.49062049062047
0,66,159.0,4.0,28.0,6.0,20.142857142857142,148.22857142857143,251.88571428571427,206.82857142857142
0,67,161.8181818181818,4.0,31.090909090909086,6.636363636363636,20.288961038961038,148.53733766233765,251.88474025974025,207.1737012987013
0,68,164.63636363636363,4.0,34.18181818181817,7.272727272727272,20.435064935064933,148.8461038961039,251.8837662337662,207.51883116883116
0,69,167.45454545454544,4.0,37.272727272727266,7.909090909090907,20.58116883116883,149.15487012987012,251.8827922077922,207.86396103896104
0,70,170.27272727272728,4.0,40.36363636363638,8.54545454545455,20.727272727272727,149.46363636363637,251.88181818181818,208.20909090909092
0,71,173.0909090909091,4.0,43.45454545454547,9.181818181818185,20.873376623376625,149.7724025974026,251.88084415584416,208.55422077922077
0,72,175.90909090909093,4.0,46.54545454545456,9.81818181818182,21.01948051948052,150.08116883116884,251.8798701298701,208.89935064935065
0,73,178.72727272727275,4.0,49.63636363636365,10.454545454545457,21.165584415584416,150.38993506493506,251.8788961038961,209.24448051948053
0,74,181.54545454545456,4.0,52.727272727272734,11.090909090909093,21.31168831168831,150.6987012987013,251.87792207792208,209.58961038961039
0,75,184.36363636363637,4.0,55.81818181818183,11.727272727272728,21.45779220779221,151.00746753246753,251.87694805194806,209.93474025974027
0,76,187.1818181818182,4.0,58.909090909090914,12.363636363636363,21.603896103896105,151.31623376623378,251.87597402597402,210.27987012987012
0,77,190.0,4.0,62.0,13.0,21.75,151.625,251.875,210.625
0,78,184.54545454545456,3.7272727272727275,56.909090909090914,12.0,21.742424242424242,149.53787878787878,252.00757575757575,211.31060606060606
0,79,179.0909090909091,3.454545454545455,51.81818181818183,11.000000000000002,21.734848484848484,147.45075757575756,252.14015151515153,211.99621212121212
0,80,173.6363636363636,3.18181818181818,46.72727272727269,9.999999999999993,21.727272727272727,145.36363636363635,252.27272727272728,212.6818181818182
0,81,168.18181818181816,2.9090909090909074,41.636363636363605,8.999999999999993,21.71969696969697,143.27651515151513,252.40530303030303,213.36742424242425
0,82,162.7272727272727,2.636363636363635,36.54545454545452,7.999999999999995,21.71212121212121,141.18939393939394,252.53787878787878,214.0530303030303
0,83,157.27272727272725,2.3636363636363624,31.454545454545432,6.999999999999996,21.704545454545457,139.10227272727272,252.67045454545456,214.73863636363637
0,84,151.8181818181818,2.09090909090909,26.363636363636346,5.9999999999999964,21.6969696969697,137.0151515151515,252.8030303030303,215.4242424242424
0,85,146.36363636363635,1.8181818181818175,21.27272727272726,4.9999999999999964,21.68939393939394,134.92803030303028,252.93560606060606,216.10984848484847
0,86,140.9090909090909,1.545454545454545,16.181818181818173,3.9999999999999982,21.681818181818183,132.84090909090907,253.0681818181818,216.79545454545453
0,87,135.45454545454544,1.2727272727272725,11.090909090909086,3.0,21.674242424242426,130.75378787878788,253.2007575757576,217.4810606060606
0,88,130.0,1.0,6.0,2.0,21.666666666666668,128.66666666666666,253.33333333333334,218.16666666666666
0,89,131.1818181818182,1.0,6.181818181818183,2.0,21.560606060606062,129.6060606060606,253.21212121212122,217.4242424242424
0,90,132.36363636363637,1.0,6.363636363636363,2.0,21.454545454545457,130.54545454545453,253.0909090909091,216.6818181818182
0,91,133.54545454545456,1.0,6.545454545454547,2.0,21.348484848484848,131.4848484848485,252.96969696969697,215.93939393939394
0,92,134.72727272727272,1.0,6.727272727272727,2.0,21.242424242424242,132.4242424242424,252.84848484848484,215.1969696969697
0,93,135.9090909090909,1.0,6.90909090909091,2.0,21.136363636363637,133.36363636363637,252.72727272727272,214.45454545454544
0,94,137.0909090909091,1.0,7.09090909090909,2.0,21.03030303030303,134.30303030303028,252.60606060606062,213.71212121212122
0,95,138.27272727272728,1.0,7.272727272727273,2.0,20.924242424242426,135.24242424242425,252.4848484848485,212.96969696969697
0,96,139.45454545454544,1.0,7.454545454545453,2.0,20.81818181818182,136.1818181818182,252.36363636363637,212.22727272727272
0,97,140.63636363636363,1.0,7.636363636363637,2.0,20.71212121212121,137.12121212121212,252.24242424242425,211.48484848484847
0,98,141.81818181818184,1.0,7.81818181818182,2.0,20.606060606060606,138.06060606060606,252.12121212121212,210.74242424242422
0,99,143.0,1.0,8.0,2.0,20.5,139.0,252.0,210.0
1,0,160.0,179.0,170.0,150.0,43.97251461988304,83.05662768031189,75.5443469785575,62.34678362573099
1,1,158.36363636363637,163.8181818181818,168.45454545454547,146.45454545454547,40.61809827599301,87.54364193311562,78.02108554213817,63.26782106782107
1,2,156.72727272727272,148.63636363636363,166.9090909090909,142.9090909090909,37.26368193210298,92.03065618591934,80.49782410571883,64.18885850991114
1,3,155.0909090909091,133.45454545454547,165.36363636363637,139.36363636363637,33.90926558821296,96.51767043872307,82.9745626692995,65.10989595200121
1,4,153.45454545454547,118.27272727272728,163.8181818181818,135.8181818181818,30.55484924432293,101.00468469152679,85.45130123288017,66.03093339409129
1,5,151.8181818181818,103.09090909090908,162.27272727272728,132.27272727272728,27.200432900432897,105.49169894433052,87.92803979646084,66.95197083618136
1,6,150.1818181818182,87.90909090909092,160.72727272727272,128.72727272727272,23.846016556542875,109.97871319713425,90.40477836004152,67.87300827827144
1,7,148.54545454545453,72.72727272727273,159.1818181818182,125.18181818181819,20.491600212652845,114.46572744993799,92.88151692362217,68.79404572036151
1,8,146.9090909090909,57.54545454545455,157.63636363636363,121.63636363636364,17.137183868762815,118.9527417027417,95.35825548720285,69.71508316245159
1,9,145.27272727272728,42.363636363636346,156.0909090909091,118.0909090909091,13.782767524872785,123.43975595554544,97.83499405078352,70.63612060454166
1,10,143.63636363636363,27.18181818181816,154.54545454545453,114.54545454545453,10.428351180982752,127.92677020834915,100.31173261436419,71.55715804663174
1,11,142.0,12.0,153.0,111.0,7.0739348370927315,132.4137844611529,102.78847117794486,72.47819548872181
1,12,146.36363636363637,26.636363636363622,149.8181818181818,111.54545454545455,7.70157004080449,130.56388906149672,111.59778371548705,80.68318834275772
1,13,150.72727272727272,41.27272727272728,146.63636363636363,112.0909090909091,8.329205244516249,128.71399366184056,120.40709625302927,88.88818119679365
1,14,155.0909090909091,55.90909090909091,143.45454545454547,112.63636363636364,8.956840448228007,126.8640982621844,129.21640879057145,97.09317405082956
1,15,159.45454545454547,70.54545454545456,140.27272727272728,113.18181818181819,9.584475651939767,125.01420286252822,138.0257213281137,105.29816690486548
1,16,163.8181818181818,85.18181818181819,137.0909090909091,113.72727272727273,10.212110855651526,123.16430746287206,146.83503386565587,113.50315975890139
1,17,168.1818181818182,99.81818181818181,133.9090909090909,114.27272727272727,10.839746059363284,121.3144120632159,155.64434640319809,121.7081526129373
1,18,172.54545454545456,114.45454545454547,130.72727272727272,114.81818181818181,11.467381263075044,119.46451666355973,164.4536589407403,129.91314546697322
1,19,176.9090909090909,129.0909090909091,127.54545454545455,115.36363636363636,12.095016466786802,117.61462126390356,173.26297147828248,138.11813832100913
1,20,181.27272727272728,143.72727272727275,124.36363636363636,115.9090909090909,12.72265167049856,115.7647258642474,182.0722840158247,146.32313117504506
1,21,185.63636363636363,158.36363636363637,121.18181818181819,116.45454545454545,13.350286874210319,113.91483046459123,190.88159655336688,154.52812402908097
1,22,190.0,173.0,118.0,117.0,13.977922077922077,112.06493506493507,199.6909090909091,162.73311688311688
1,23,187.8181818181818,158.27272727272728,113.18181818181819,115.0909090909091,13.99967204512659,112.51128164764529,198.51331496786042,161.66891862346407
1,24,185.63636363636363,143.54545454545456,108.36363636363637,113.18181818181819,14.021422012331103,112.95762823035551,197.33572084481176,160.60472036381128
1,25,183.45454545454544,128.81818181818178,103.54545454545453,111.27272727272727,14.043171979535616,113.40397481306573,196.15812672176307,159.54052210415847
1,26,181.27272727272728,114.09090909090907,98.72727272727272,109.36363636363636,14.064921946740128,113.85032139577595,194.9805325987144,158.47632384450566
1,27,179.0909090909091,99.36363636363636,93.9090909090909,107.45454545454545,14.086671913944642,114.29666797848617,193.80293847566574,157.41212558485284
1,28,176.9090909090909,84.63636363636364,89.0909090909091,105.54545454545455,14.108421881149154,114.74301456119638,192.62534435261708,156.34792732520006
1,29,174.72727272727272,69.90909090909093,84.27272727272728,103.63636363636364,14.130171848353667,115.1893611439066,191.4477502295684,155.28372906554725
1,30,172.54545454545453,55.181818181818144,79.45454545454544,101.72727272727272,14.151921815558179,115.63570772661681,190.27015610651972,154.21953080589444
1,31,170.36363636363637,40.45454545454544,74.63636363636363,99.81818181818181,14.173671782762693,116.08205430932703,189.09256198347106,153.15533254624162
1,32,168.1818181818182,25.72727272727272,69.81818181818181,97.9090909090909,14.195421749967204,116.52840089203725,187.9149678604224,152.09113428658884
1,33,166.0,11.0,65.0,96.0,14.217171717171718,116.97474747474747,186.73737373737373,151.02693602693603
1,34,163.0909090909091,11.0,64.36363636363636,92.9090909090909,13.9674823097283,115.85034632628215,185.08416123389384,149.6509784531175
1,35,160.1818181818182,11.0,63.72727272727273,89.81818181818181,13.71779290228488,114.72594517781683,183.43094873041397,148.27502087929895
1,36,157.27272727272725,11.0,63.090909090909086,86.72727272727272,13.468103494841463,113.60154402935152,181.77773622693408,146.8990633054804
1,37,154.36363636363637,11.0,62.45454545454545,83.63636363636363,13.218414087398045,112.47714288088619,180.1245237234542,145.52310573166187
1,38,151.45454545454544,11.0,61.81818181818182,80.54545454545455,12.968724679954628,111.35274173242088,178.47131121997433,144.14714815784333
1,39,148.54545454545456,11.0,61.18181818181818,77.45454545454545,12.719035272511208,110.22834058395556,176.81809871649443,142.77119058402482
1,40,145.63636363636363,11.0,60.54545454545455,74.36363636363635,12.46934586506779,109.10393943549023,175.16488621301454,141.39523301020625
1,41,142.72727272727272,11.0,59.90909090909091,71.27272727272727,12.219656457624371,107.97953828702492,173.51167370953468,140.01927543638774
1,42,139.8181818181818,11.0,59.27272727272727,68.18181818181817,11.969967050180953,106.8551371385596,171.85846120605478,138.6433178625692
1,43,136.9090909090909,11.0,58.63636363636363,65.0909090909091,11.720277642737535,105.73073599009429,170.20524870257492,137.26736028875067
1,44,134.0,11.0,58.0,62.0,11.470588235294118,104.60633484162896,168.55203619909503,135.89140271493213
1,45,131.0909090909091,10.454545454545455,55.45454545454545,59.54545454545455,11.639928698752229,103.66535490653138,169.53417432240963,137.19824489236254
1,46,128.1818181818182,9.90909090909091,52.909090909090914,57.09090909090909,11.809269162210338,102.7243749714338,170.51631244572422,138.50508706979295
1,47,125.27272727272728,9.363636363636365,50.363636363636374,54.63636363636364,11.97860962566845,101.78339503633622,171.4984505690388,139.81192924722336
1,48,122.36363636363637,8.81818181818182,47.81818181818183,52.18181818181819,12.14795008912656,100.84241510123864,172.4805886923534,141.11877142465377
1,49,119.45454545454544,8.27272727272727,45.27272727272726,49.72727272727271,12.317290552584671,99.90143516614104,173.462726815668,142.4256136020842
1,50,116.54545454545453,7.727272727272725,42.72727272727272,47.272727272727266,12.486631016042782,98.96045523104347,174.4448649389826,143.73245577951462
1,51,113.63636363636363,7.18181818181818,40.18181818181817,44.81818181818181,12.655971479500892,98.01947529594588,175.4270030622972,145.03929795694503
1,52,110.72727272727272,6.636363636363635,37.636363636363626,42.36363636363636,12.825311942959003,97.07849536084831,176.4091411856118,146.34614013437545
1,53,107.81818181818181,6.09090909090909,35.090909090909086,39.90909090909091,12.994652406417114,96.13751542575072,177.39127930892636,147.65298231180586
1,54,104.9090909090909,5.545454545454545,32.54545454545455,37.45454545454545,13.163992869875223,95.19653549065315,178.37341743224096,148.95982448923627
1,55,102.0,5.0,30.0,35.0,13.333333333333334,94.25555555555556,179.35555555555555,150.26666666666668
1,56,100.54545454545455,4.7272727272727275,29.0,33.36363636363637,13.671861471861472,93.65569985569986,181.02453102453103,152.32034632034632
1,57,99.0909090909091,4.454545454545455,28.0,31.72727272727273,14.01038961038961,93.05584415584416,182.6935064935065,154.37402597402598
1,58,97.63636363636364,4.1818181818181825,27.000000000000004,30.090909090909093,14.34891774891775,92.45598845598846,184.36248196248195,156.42770562770562
1,59,96.18181818181817,3.9090909090909074,25.999999999999993,28.454545454545446,14.68744588744589,91.85613275613275,186.03145743145745,158.48138528138531
1,60,94.72727272727272,3.636363636363635,24.999999999999993,26.81818181818181,15.025974025974028,91.25627705627706,187.7004329004329,160.53506493506495
1,61,93.27272727272727,3.3636363636363624,23.999999999999996,25.181818181818173,15.364502164502166,90.65642135642136,189.36940836940838,162.58874458874462
1,62,91.81818181818181,3.09090909090909,22.999999999999996,23.54545454545454,15.703030303030305,90.05656565656565,191.03838383838385,164.64242424242425
1,63,90.36363636363636,2.8181818181818175,21.999999999999996,21.909090909090907,16.041558441558443,89.45670995670996,192.70735930735933,166.69610389610392
1,64,88.9090909090909,2.545454545454545,21.0,20.27272727272727,16.38008658008658,88.85685425685426,194.37633477633477,168.74978354978356
1,65,87.45454545454545,2.2727272727272725,20.0,18.636363636363633,16.71861471861472,88.25699855699855,196.04531024531025,170.8034632034632
1,66,86.0,2.0,19.0,17.0,17.057142857142857,87.65714285714286,197.71428571428572,172.85714285714286
1,67,85.72727272727273,2.090909090909091,18.363636363636363,16.090909090909093,16.989448051948052,88.35876623376623,197.62094155844156,172.46103896103895
1,68,85.45454545454545,2.1818181818181817,17.727272727272727,15.181818181818183,16.921753246753248,89.0603896103896,197.52759740259742,172.06493506493507
1,69,85.18181818181819,2.2727272727272725,17.090909090909093,14.272727272727275,16.854058441558443,89.76201298701298,197.43425324675326,171.66883116883116
1,70,84.9090909090909,2.363636363636364,16.45454545454545,13.363636363636358,16.786363636363635,90.46363636363637,197.3409090909091,171.27272727272728
1,71,84.63636363636364,2.454545454545455,15.818181818181815,12.45454545454545,16.71866883116883,91.16525974025974,197.24756493506493,170.87662337662337
1,72,84.36363636363636,2.545454545454546,15.18181818181818,11.545454545454541,16.650974025974026,91.86688311688312,197.1542207792208,170.4805194805195
1,73,84.0909090909091,2.6363636363636367,14.545454545454543,10.636363636363633,16.58327922077922,92.56850649350649,197.06087662337663,170.08441558441558
1,74,83.81818181818181,2.7272727272727275,13.909090909090907,9.727272727272725,16.515584415584414,93.27012987012988,196.96753246753246,169.6883116883117
1,75,83.54545454545455,2.8181818181818183,13.272727272727272,8.818181818181817,16.44788961038961,93.97175324675325,196.8741883116883,169.2922077922078
1,76,83.27272727272727,2.909090909090909,12.636363636363637,7.909090909090908,16.380194805194805,94.67337662337663,196.78084415584416,168.8961038961039
1,77,83.0,3.0,12.0,7.0,16.3125,95.375,196.6875,168.5
1,78,82.45454545454545,2.909090909090909,11.363636363636363,6.909090909090909,16.208333333333332,95.40151515151516,196.15530303030303,167.8939393939394
1,79,81.9090909090909,2.8181818181818183,10.727272727272728,6.818181818181818,16.104166666666668,95.4280303030303,195.62310606060606,167.28787878787878
1,80,81.36363636363636,2.7272727272727266,10.090909090909086,6.727272727272727,16.0,95.45454545454545,195.0909090909091,166.6818181818182
1,81,80.81818181818181,2.636363636363636,9.45454545454545,6.636363636363636,15.895833333333332,95.48106060606061,194.55871212121212,166.07575757575756
1,82,80.27272727272727,2.545454545454545,8.818181818181815,6.545454545454545,15.791666666666666,95.50757575757576,194.02651515151516,165.46969696969697
1,83,79.72727272727272,2.454545454545454,8.18181818181818,6.454545454545454,15.6875,95.5340909090909,193.4943181818182,164.86363636363637
1,84,79.18181818181819,2.3636363636363633,7.545454545454543,6.363636363636363,15.583333333333332,95.56060606060606,192.96212121212122,164.25757575757575
1,85,78.63636363636364,2.2727272727272725,6.909090909090907,6.2727272727272725,15.479166666666666,95.58712121212122,192.42992424242425,163.65151515151516
1,86,78.0909090909091,2.1818181818181817,6.272727272727272,6.181818181818182,15.375,95.61363636363637,191.89772727272728,163.04545454545456
1,87,77.54545454545455,2.090909090909091,5.636363636363636,6.090909090909091,15.270833333333332,95.64015151515152,191.3655303030303,162.43939393939394
1,88,77.0,2.0,5.0,6.0,15.166666666666666,95.66666666666667,190.83333333333334,161.83333333333334
1,89,76.45454545454545,1.9090909090909083,4.636363636363633,5.45454545454545,15.196969696969697,95.46969696969697,190.93939393939394,162.03030303030303
1,90,75.9090909090909,1.8181818181818183,4.272727272727273,4.90909090909091,15.227272727272727,95.27272727272728,191.04545454545456,162.22727272727275
1,91,75.36363636363636,1.7272727272727266,3.9090909090909065,4.36363636363636,15.257575757575758,95.07575757575758,191.15151515151516,162.42424242424244
1,92,74.81818181818181,1.6363636363636367,3.5454545454545467,3.81818181818182,15.287878787878787,94.87878787878788,191.25757575757575,162.62121212121212
1,93,74.27272727272727,1.545454545454545,3.18181818181818,3.27272727272727,15.318181818181818,94.68181818181819,191.36363636363637,162.8181818181818
1,94,73.72727272727273,1.454545454545455,2.81818181818182,2.72727272727273,15.348484848484848,94.48484848484848,191.46969696969697,163.01515151515153
1,95,73.18181818181819,1.3636363636363633,2.4545454545454533,2.18181818181818,15.378787878787879,94.28787878787878,191.5757575757576,163.21212121212122
1,96,72.63636363636364,1.2727272727272734,2.0909090909090935,1.6363636363636402,15.409090909090908,94.0909090909091,191.6818181818182,163.4090909090909
1,97,72.0909090909091,1.1818181818181817,1.7272727272727266,1.09090909090909,15.43939393939394,93.89393939393939,191.78787878787878,163.6060606060606
1,98,71.54545454545453,1.09090909090909,1.3636363636363598,0.5454545454545396,15.46969696969697,93.69696969696969,191.8939393939394,163.8030303030303
1,99,71.0,1.0,1.0,0.0,15.5,93.5,192.0,164.0
2,0,255.0,179.0,158.0,203.0,14.31256038647343,199.28599033816425,217.09700483091788,146.10212560386472
2,1,254.72727272727272,179.0,157.0,203.45454545454547,14.081566694855121,198.90534058545387,215.12170550752916,144.56682170316583
2,2,254.45454545454547,179.0,156.0,203.9090909090909,13.850573003236812,198.5246908327435,213.14640618414043,143.03151780246696
2,3,254.1818181818182,179.0,155.0,204.36363636363637,13.619579311618503,198.14404108003313,211.17110686075168,141.49621390176807
2,4,253.9090909090909,179.0,154.0,204.8181818181818,13.388585620000194,197.76339132732275,209.19580753736295,139.9609100010692
2,5,253.63636363636363,179.0,153.0,205.27272727272728,13.157591928381885,197.38274157461237,207.22050821397423,138.42560610037032
2,6,253.36363636363637,179.0,152.0,205.72727272727272,12.926598236763578,197.00209182190198,205.2452088905855,136.89030219967145
2,7,253.0909090909091,179.0,151.0,206.1818181818182,12.695604545145269,196.6214420691916,203.26990956719678,135.35499829897256
2,8,252.8181818181818,179.0,150.0,206.63636363636363,12.46461085352696,196.24079231648122,201.29461024380805,133.8196943982737
2,9,252.54545454545453,179.0,149.0,207.0909090909091,12.23361716190865,195.86014256377086,199.3193109204193,132.2843904975748
2,10,252.27272727272728,179.0,148.0,207.54545454545453,12.002623470290342,195.47949281106048,197.34401159703057,130.74908659687594
2,11,252.0,179.0,147.0,208.0,11.771629778672033,195.0988430583501,195.36871227364185,129.21378269617705
2,12,252.27272727272728,165.0,149.72727272727272,206.8181818181818,11.847385846434955,195.79355202679372,196.7810485910113,129.86863084193052
2,13,252.54545454545453,151.0,152.45454545454547,205.63636363636363,11.923141914197876,196.48826099523734,198.19338490838075,130.523478987684
2,14,252.8181818181818,137.0,155.1818181818182,204.45454545454547,11.998897981960798,197.18296996368096,199.60572122575022,131.17832713343745
2,15,253.0909090909091,122.99999999999997,157.9090909090909,203.27272727272728,12.07465404972372,197.87767893212458,201.01805754311968,131.83317527919093
2,16,253.36363636363637,109.0,160.63636363636363,202.0909090909091,12.150410117486642,198.5723879005682,202.43039386048915,132.4880234249444
2,17,253.63636363636363,95.0,163.36363636363637,200.9090909090909,12.226166185249562,199.26709686901185,203.84273017785858,133.14287157069788
2,18,253.9090909090909,80.99999999999999,166.0909090909091,199.72727272727272,12.301922253012485,199.96180583745547,205.25506649522805,133.79771971645135
2,19,254.1818181818182,67.0,168.8181818181818,198.54545454545453,12.377678320775406,200.6565148058991,206.66740281259752,134.45256786220483
2,20,254.45454545454547,52.99999999999997,171.54545454545456,197.36363636363637,12.453434388538328,201.3512237743427,208.07973912996698,135.10741600795828
2,21,254.72727272727272,39.0,174.27272727272728,196.1818181818182,12.52919045630125,202.04593274278633,209.49207544733642,135.76226415371175
2,22,255.0,25.0,177.0,195.0,12.604946524064172,202.74064171122996,210.90441176470588,136.41711229946523
2,23,254.72727272727272,23.90909090909091,162.45454545454547,192.1818181818182,11.782580709051299,206.94726228416067,208.0363033183889,130.3338914996669
2,24,254.45454545454547,22.81818181818182,147.90909090909093,189.36363636363637,10.960214894038426,211.15388285709142,205.1681948720719,124.25067069986856
2,25,254.1818181818182,21.727272727272727,133.36363636363632,186.54545454545453,10.137849079025548,215.36050343002216,202.30008642575487,118.1674499000702
2,26,253.9090909090909,20.636363636363633,118.8181818181818,183.72727272727272,9.315483264012675,219.56712400295288,199.43197797943787,112.08422910027187
2,27,253.63636363636363,19.545454545454547,104.27272727272727,180.9090909090909,8.4931174489998,223.77374457588363,196.56386953312088,106.00100830047353
2,28,253.36363636363637,18.454545454545453,89.72727272727273,178.0909090909091,7.670751633986929,227.98036514881434,193.69576108680386,99.91778750067519
2,29,253.0909090909091,17.363636363636367,75.1818181818182,175.27272727272728,6.848385818974055,232.1869857217451,190.82765264048686,93.83456670087686
2,30,252.8181818181818,16.27272727272727,60.6363636363636,172.45454545454544,6.026020003961178,236.39360629467583,187.95954419416984,87.75134590107851
2,31,252.54545454545453,15.18181818181818,46.090909090909065,169.63636363636363,5.203654188948305,240.60022686760655,185.09143574785284,81.66812510128017
2,32,252.27272727272728,14.09090909090909,31.545454545454533,166.8181818181818,4.381288373935432,244.8068474405373,182.22332730153585,75.58490430148183
2,33,252.0,13.0,17.0,164.0,3.558922558922559,249.013468013468,179.35521885521885,69.5016835016835
2,34,246.45454545454547,28.09090909090908,16.363636363636363,162.27272727272728,3.5891480276507015,249.35490099126463,173.87372837105457,66.65064604636797
2,35,240.90909090909088,43.18181818181823,15.727272727272725,160.54545454545453,3.6193734963788438,249.69633396906124,168.39223788689029,63.79960859105243
2,36,235.36363636363635,58.27272727272731,15.09090909090909,158.8181818181818,3.6495989651069864,250.03776694685786,162.910747402726,60.948571135736906
2,37,229.8181818181818,73.36363636363637,14.454545454545453,157.0909090909091,3.679824433835129,250.37919992465447,157.42925691856172,58.09753368042138
2,38,224.27272727272728,88.45454545454547,13.818181818181818,155.36363636363637,3.7100499025632714,250.7206329024511,151.94776643439744,55.24649622510585
2,39,218.72727272727272,103.54545454545453,13.181818181818182,153.63636363636363,3.740275371291414,251.0620658802477,146.46627595023318,52.395458769790324
2,40,213.18181818181816,118.63636363636368,12.545454545454543,151.9090909090909,3.7705008400195568,251.40349885804432,140.98478546606887,49.54442131447478
2,41,207.63636363636363,133.72727272727275,11.909090909090907,150.1818181818182,3.800726308747699,251.74493183584093,135.5032949819046,46.693383859159255
2,42,202.09090909090907,148.81818181818184,11.272727272727272,148.45454545454544,3.8309517774758417,252.08636481363754,130.02180449774033,43.84234640384373
2,43,196.54545454545453,163.90909090909093,10.636363636363637,146.72727272727272,3.861177246203984,252.42779779143416,124.54031401357605,40.9913089485282
2,44,191.0,179.0,10.0,145.0,3.8914027149321266,252.76923076923077,119.05882352941177,38.14027149321267
2,45,189.63636363636363,163.0,10.272727272727273,142.72727272727272,3.603295397413045,252.61041181041182,117.85751633986929,37.781054892819604
2,46,188.27272727272728,147.00000000000003,10.545454545454545,140.45454545454547,3.3151880798939626,252.45159285159286,116.6562091503268,37.42183829242653
2,47,186.9090909090909,131.00000000000006,10.818181818181817,138.1818181818182,3.0270807623748808,252.29277389277388,115.45490196078433,37.06262169203346
2,48,185.54545454545456,115.00000000000006,11.09090909090909,135.9090909090909,2.738973444855799,252.13395493395493,114.25359477124184,36.70340509164039
2,49,184.1818181818182,98.99999999999991,11.363636363636365,133.63636363636363,2.450866127336714,251.97513597513597,113.05228758169935,36.344188491247316
2,50,182.8181818181818,82.99999999999993,11.636363636363637,131.36363636363635,2.162758809817632,251.81631701631702,111.85098039215686,35.98497189085425
2,51,181.45454545454544,66.99999999999994,11.90909090909091,129.0909090909091,1.87465149229855,251.65749805749806,110.64967320261438,35.62575529046117
2,52,180.0909090909091,50.99999999999994,12.181818181818183,126.81818181818181,1.5865441747794682,251.4986790986791,109.44836601307189,35.2665386900681
2,53,178.72727272727272,34.99999999999997,12.454545454545455,124.54545454545453,1.2984368572603864,251.33986013986012,108.24705882352941,34.907322089675034
2,54,177.36363636363637,19.0,12.727272727272727,122.27272727272727,1.0103295397413041,251.18104118104117,107.04575163398692,34.54810548928196
2,55,176.0,3.0,13.0,120.0,0.7222222222222222,251.0222222222222,105.84444444444445,34.18888888888889
2,56,174.9090909090909,2.909090909090909,13.181818181818182,117.45454545454545,0.815007215007215,250.6851370851371,107.3001443001443,34.96911976911977
2,57,173.8181818181818,2.8181818181818183,13.363636363636363,114.9090909090909,0.9077922077922076,250.34805194805193,108.75584415584416,35.749350649350646
2,58,172.72727272727272,2.7272727272727275,13.545454545454545,112.36363636363637,1.0005772005772002,250.0109668109668,110.211544011544,36.52958152958153
2,59,171.63636363636363,2.636363636363636,13.727272727272728,109.8181818181818,1.093362193362194,249.67388167388165,111.66724386724388,37.309812409812416
2,60,170.54545454545453,2.545454545454545,13.90909090909091,107.27272727272725,1.1861471861471866,249.33679653679653,113.12294372294373,38.0900432900433
2,61,169.45454545454544,2.454545454545454,14.090909090909092,104.72727272727272,1.2789321789321793,248.9997113997114,114.5786435786436,38.87027417027417
2,62,168.36363636363637,2.3636363636363633,14.272727272727273,102.18181818181817,1.371717171717172,248.66262626262625,116.03434343434344,39.65050505050505
2,63,167.27272727272728,2.2727272727272725,14.454545454545455,99.63636363636363,1.4645021645021647,248.32554112554112,117.4900432900433,40.430735930735935
2,64,166.1818181818182,2.1818181818181817,14.636363636363637,97.0909090909091,1.5572871572871574,247.988455988456,118.94574314574315,41.21096681096681
2,65,165.0909090909091,2.090909090909091,14.818181818181818,94.54545454545455,1.65007215007215,247.65137085137084,120.401443001443,41.99119769119769
2,66,164.0,2.0,15.0,92.0,1.7428571428571429,247.31428571428572,121.85714285714286,42.77142857142857
2,67,162.1818181818182,1.9090909090909092,14.545454545454547,88.0,1.7207792207792207,247.44480519480518,121.80194805194806,42.64448051948052
2,68,160.36363636363637,1.8181818181818183,14.090909090909092,84.0,1.6987012987012988,247.57532467532468,121.74675324675324,42.51753246753247
2,69,158.54545454545456,1.7272727272727275,13.636363636363637,80.00000000000001,1.6766233766233767,247.70584415584415,121.69155844155844,42.390584415584414
2,70,156.72727272727272,1.6363636363636358,13.18181818181818,75.99999999999997,1.6545454545454543,247.83636363636364,121.63636363636364,42.263636363636365
2,71,154.9090909090909,1.545454545454545,12.727272727272725,71.99999999999997,1.6324675324675324,247.9668831168831,121.58116883116884,42.13668831168831
2,72,153.0909090909091,1.4545454545454541,12.27272727272727,67.99999999999999,1.6103896103896103,248.0974025974026,121.52597402597402,42.00974025974026
2,73,151.27272727272725,1.3636363636363633,11.818181818181817,63.999999999999986,1.5883116883116881,248.22792207792207,121.47077922077922,41.88279220779221
2,74,149.45454545454544,1.2727272727272725,11.363636363636363,59.999999999999986,1.5662337662337662,248.35844155844157,121.41558441558442,41.75584415584416
2,75,147.63636363636363,1.1818181818181817,10.909090909090908,55.99999999999999,1.544155844155844,248.48896103896104,121.36038961038962,41.6288961038961
2,76,145.8181818181818,1.0909090909090908,10.454545454545453,52.0,1.5220779220779221,248.61948051948053,121.3051948051948,41.501948051948055
2,77,144.0,1.0,10.0,48.0,1.5,248.75,121.25,41.375
2,78,139.63636363636363,0.9090909090909092,10.09090909090909,44.909090909090914,1.4545454545454546,248.8030303030303,118.34848484848484,40.32575757575758
2,79,135.27272727272728,0.8181818181818183,10.181818181818182,41.81818181818183,1.4090909090909092,248.8560606060606,115.4469696969697,39.276515151515156
2,80,130.90909090909088,0.7272727272727266,10.272727272727273,38.727272727272705,1.3636363636363633,248.9090909090909,112.54545454545452,38.22727272727272
2,81,126.54545454545452,0.6363636363636358,10.363636363636363,35.63636363636362,1.318181818181818,248.96212121212122,109.64393939393938,37.1780303030303
2,82,122.18181818181816,0.545454545454545,10.454545454545455,32.54545454545453,1.2727272727272725,249.01515151515153,106.74242424242422,36.128787878787875
2,83,117.8181818181818,0.45454545454545414,10.545454545454547,29.45454545454544,1.227272727272727,249.0681818181818,103.84090909090908,35.079545454545446
2,84,113.45454545454544,0.3636363636363633,10.636363636363637,26.363636363636353,1.1818181818181817,249.12121212121212,100.93939393939392,34.030303030303024
2,85,109.09090909090908,0.2727272727272725,10.727272727272727,23.272727272727266,1.1363636363636362,249.17424242424244,98.03787878787878,32.9810606060606
2,86,104.72727272727272,0.18181818181818166,10.818181818181818,20.181818181818176,1.0909090909090908,249.22727272727275,95.13636363636363,31.93181818181818
2,87,100.36363636363636,0.09090909090909083,10.90909090909091,17.090909090909086,1.0454545454545454,249.28030303030303,92.23484848484847,30.882575757575758
2,88,96.0,0.0,11.0,14.0,1.0,249.33333333333334,89.33333333333333,29.833333333333332
2,89,96.54545454545455,0.0,9.999999999999991,13.272727272727266,1.0,249.3939393939394,90.3939393939394,30.212121212121215
2,90,97.0909090909091,0.0,9.000000000000002,12.545454545454547,1.0,249.45454545454547,91.45454545454545,30.59090909090909
2,91,97.63636363636364,0.0,7.999999999999993,11.818181818181813,1.0,249.51515151515153,92.51515151515152,30.969696969696972
2,92,98.18181818181819,0.0,7.0000000000000036,11.090909090909093,1.0,249.5757575757576,93.57575757575756,31.348484848484848
2,93,98.72727272727273,0.0,5.999999999999995,10.36363636363636,1.0,249.63636363636365,94.63636363636364,31.72727272727273
2,94,99.27272727272727,0.0,5.000000000000005,9.63636363636364,1.0,249.6969696969697,95.69696969696969,32.1060606060606
2,95,99.81818181818181,0.0,3.9999999999999964,8.909090909090907,1.0,249.75757575757575,96.75757575757576,32.484848484848484
2,96,100.36363636363636,0.0,3.000000000000007,8.181818181818187,1.0,249.8181818181818,97.81818181818181,32.86363636363636
2,97,100.9090909090909,0.0,1.9999999999999982,7.454545454545453,1.0,249.87878787878788,98.87878787878788,33.24242424242424
2,98,101.45454545454547,0.0,0.9999999999999893,6.7272727272727195,1.0,249.93939393939394,99.93939393939395,33.621212121212125
2,99,102.0,0.0,0.0,6.0,1.0,250.0,101.0,34.0
3,0,217.0,179.0,173.0,196.0,34.81729468599034,101.44077294685991,120.74589371980676,90.57352657004832
3,1,216.45454545454547,164.45454545454544,169.54545454545453,188.9090909090909,32.52323642523147,107.24721075453019,126.94654444011455,93.91889885414236
3,2,215.9090909090909,149.9090909090909,166.0909090909091,181.8181818181818,30.229178164472586,113.05364856220048,133.14719516042234,97.2642711382364
3,3,215.36363636363637,135.36363636363637,162.63636363636363,174.72727272727272,27.935119903713712,118.86008636987076,139.34784588073015,100.60964342233044
3,4,214.8181818181818,120.81818181818181,159.1818181818182,167.63636363636363,25.641061642954835,124.66652417754105,145.54849660103793,103.95501570642448
3,5,214.27272727272728,106.27272727272727,155.72727272727272,160.54545454545453,23.347003382195957,130.47296198521133,151.74914732134573,107.30038799051852
3,6,213.72727272727272,91.72727272727273,152.27272727272728,153.45454545454547,21.052945121437084,136.2793997928816,157.9497980416535,110.64576027461257
3,7,213.1818181818182,77.18181818181819,148.8181818181818,146.36363636363637,18.758886860678206,142.08583760055188,164.15044876196131,113.9911325587066
3,8,212.63636363636363,62.636363636363626,145.36363636363637,139.27272727272728,16.46482859991933,147.8922754082222,170.3510994822691,117.33650484280065
3,9,212.0909090909091,48.09090909090909,141.9090909090909,132.1818181818182,14.170770339160452,153.69871321589247,176.5517502025769,120.68187712689469
3,10,211.54545454545453,33.54545454545453,138.45454545454544,125.09090909090908,11.876712078401575,159.50515102356275,182.7524009228847,124.02724941098873
3,11,211.0,19.0,135.0,118.0,9.582653817642699,165.31158883123302,188.95305164319248,127.37262169508277
3,12,208.36363636363637,18.81818181818182,131.9090909090909,112.18181818181819,10.255836410371757,161.403923730873,193.23016501211123,133.42044711359355
3,13,205.72727272727272,18.636363636363637,128.8181818181818,106.36363636363636,10.929019003100816,157.49625863051295,197.50727838102998,139.46827253210432
3,14,203.0909090909091,18.454545454545453,125.72727272727273,100.54545454545455,11.602201595829873,153.58859353015293,201.78439174994872,145.5160979506151
3,15,200.45454545454544,18.272727272727273,122.63636363636363,94.72727272727272,12.275384188558933,149.6809284297929,206.06150511886747,151.5639233691259
3,16,197.8181818181818,18.09090909090909,119.54545454545455,88.9090909090909,12.94856678128799,145.7732633294329,210.33861848778622,157.61174878763666
3,17,195.1818181818182,17.90909090909091,116.45454545454545,83.0909090909091,13.621749374017048,141.86559822907287,214.61573185670497,163.65957420614743
3,18,192.54545454545453,17.727272727272727,113.36363636363636,77.27272727272727,14.294931966746107,137.95793312871282,218.89284522562372,169.7073996246582
3,19,189.9090909090909,17.545454545454547,110.27272727272728,71.45454545454545,14.968114559475165,134.0502680283528,223.16995859454246,175.75522504316896
3,20,187.27272727272725,17.363636363636363,107.18181818181817,65.63636363636363,15.641297152204224,130.14260292799278,227.4470719634612,181.80305046167976
3,21,184.63636363636363,17.18181818181818,104.0909090909091,59.81818181818181,16.31447974493328,126.23493782763275,231.72418533237996,187.85087588019053
3,22,182.0,17.0,101.0,54.0,16.98766233766234,122.32727272727273,236.0012987012987,193.8987012987013
3,23,179.54545454545456,31.454545454545443,98.81818181818181,54.63636363636363,16.485416939962395,123.18243036424855,231.8602256329529,189.24170274170274
3,24,177.0909090909091,45.909090909090885,96.63636363636364,55.27272727272727,15.983171542262454,124.03758800122436,227.71915256460713,184.5847041847042
3,25,174.63636363636363,60.363636363636395,94.45454545454545,55.909090909090914,15.480926144562508,124.89274563820018,223.5780794962613,179.92770562770562
3,26,172.1818181818182,74.81818181818184,92.27272727272727,56.54545454545455,14.978680746862565,125.747903275176,219.43700642791552,175.27070707070706
3,27,169.72727272727272,89.27272727272728,90.0909090909091,57.18181818181818,14.476435349162623,126.60306091215182,215.29593335956972,170.6137085137085
3,28,167.27272727272728,103.72727272727272,87.9090909090909,57.81818181818182,13.97418995146268,127.45821854912764,211.15486029122394,165.95670995670997
3,29,164.8181818181818,118.18181818181816,85.72727272727273,58.45454545454545,13.471944553762738,128.31337618610345,207.01378722287814,161.2997113997114
3,30,162.36363636363635,132.63636363636368,83.54545454545453,59.09090909090909,12.969699156062791,129.1685338230793,202.87271415453233,156.64271284271283
3,31,159.9090909090909,147.09090909090912,81.36363636363636,59.72727272727273,12.467453758362849,130.0236914600551,198.73164108618653,151.98571428571427
3,32,157.45454545454544,161.54545454545456,79.18181818181819,60.36363636363637,11.965208360662906,130.87884909703092,194.59056801784072,147.32871572871574
3,33,155.0,176.0,77.0,61.0,11.462962962962964,131.73400673400673,190.44949494949495,142.67171717171718
3,34,153.8181818181818,160.27272727272728,72.9090909090909,58.63636363636364,11.086856498621206,134.15473257184487,189.4164474859662,140.3523220688996
3,35,152.63636363636363,144.5454545454545,68.81818181818181,56.272727272727266,10.710750034279446,136.57545840968302,188.38340002243746,138.03292696608204
3,36,151.45454545454544,128.81818181818178,64.72727272727272,53.90909090909091,10.334643569937688,138.99618424752114,187.3503525589087,135.71353186326448
3,37,150.27272727272728,113.09090909090907,60.636363636363626,51.54545454545455,9.95853710559593,141.4169100853593,186.31730509537996,133.3941367604469
3,38,149.0909090909091,97.36363636363636,56.54545454545455,49.18181818181818,9.58243064125417,143.8376359231974,185.2842576318512,131.07474165762935
3,39,147.9090909090909,81.63636363636364,52.45454545454545,46.81818181818182,9.206324176912412,146.25836176103556,184.25121016832247,128.7553465548118
3,40,146.72727272727272,65.90909090909085,48.363636363636346,44.454545454545446,8.830217712570652,148.6790875988737,183.2181627047937,126.43595145199423
3,41,145.54545454545453,50.181818181818144,44.27272727272726,42.090909090909086,8.454111248228894,151.09981343671183,182.18511524126498,124.11655634917666
3,42,144.36363636363637,34.45454545454544,40.18181818181817,39.72727272727272,8.078004783887136,153.52053927454998,181.15206777773622,121.7971612463591
3,43,143.1818181818182,18.72727272727272,36.090909090909086,37.36363636363636,7.7018983195453785,155.94126511238812,180.1190203142075,119.47776614354154
3,44,142.0,3.0,32.0,35.0,7.32579185520362,158.36199095022624,179.08597285067873,117.15837104072398
3,45,142.36363636363637,3.0,32.54545454545455,33.81818181818182,7.447689565336624,158.29675944970063,180.97310663193016,118.7177110471228
3,46,142.72727272727272,3.0,33.09090909090909,32.63636363636364,7.569587275469628,158.23152794917502,182.86024041318157,120.27705105352163
3,47,143.0909090909091,3.0,33.63636363636363,31.454545454545457,7.691484985602632,158.16629644864938,184.747374194433,121.83639105992046
3,48,143.45454545454544,3.0,34.18181818181818,30.272727272727277,7.813382695735636,158.10106494812376,186.63450797568444,123.39573106631929
3,49,143.8181818181818,3.0,34.727272727272734,29.090909090909086,7.9352804058686415,158.03583344759815,188.52164175693588,124.95507107271814
3,50,144.1818181818182,3.0,35.27272727272727,27.909090909090903,8.057178116001646,157.97060194707254,190.4087755381873,126.51441107911697
3,51,144.54545454545456,3.0,35.81818181818182,26.727272727272723,8.17907582613465,157.90537044654693,192.29590931943872,128.0737510855158
3,52,144.9090909090909,3.0,36.36363636363637,25.545454545454543,8.300973536267653,157.8401389460213,194.18304310069016,129.63309109191462
3,53,145.27272727272728,3.0,36.90909090909091,24.36363636363636,8.422871246400657,157.77490744549567,196.0701768819416,131.19243109831345
3,54,145.63636363636363,3.0,37.45454545454545,23.18181818181818,8.544768956533662,157.70967594497006,197.957310663193,132.75177110471228
3,55,146.0,3.0,38.0,22.0,8.666666666666666,157.64444444444445,199.84444444444443,134.3111111111111
3,56,144.72727272727272,2.909090909090909,36.27272727272727,21.545454545454547,8.608658008658008,156.3053391053391,199.63001443001443,134.55036075036074
3,57,143.45454545454547,2.8181818181818183,34.54545454545455,21.090909090909093,8.55064935064935,154.96623376623376,199.41558441558442,134.78961038961037
3,58,142.1818181818182,2.7272727272727275,32.81818181818182,20.636363636363637,8.492640692640693,153.62712842712844,199.20115440115438,135.02886002886004
3,59,140.9090909090909,2.636363636363636,31.09090909090908,20.18181818181818,8.434632034632035,152.28802308802307,198.98672438672438,135.26810966810967
3,60,139.63636363636363,2.545454545454545,29.363636363636353,19.727272727272727,8.376623376623376,150.94891774891775,198.77229437229437,135.5073593073593
3,61,138.36363636363635,2.454545454545454,27.63636363636363,19.27272727272727,8.318614718614718,149.6098124098124,198.55786435786436,135.74660894660894
3,62,137.0909090909091,2.3636363636363633,25.909090909090903,18.818181818181817,8.26060606060606,148.27070707070706,198.34343434343435,135.98585858585858
3,63,135.8181818181818,2.2727272727272725,24.181818181818176,18.363636363636363,8.202597402597402,146.93160173160172,198.12900432900435,136.22510822510822
3,64,134.54545454545453,2.1818181818181817,22.454545454545453,17.909090909090907,8.144588744588745,145.5924963924964,197.9145743145743,136.46435786435788
3,65,133.27272727272728,2.090909090909091,20.727272727272727,17.454545454545453,8.086580086580087,144.25339105339106,197.7001443001443,136.70360750360751
3,66,132.0,2.0,19.0,17.0,8.028571428571428,142.9142857142857,197.4857142857143,136.94285714285715
3,67,131.0909090909091,2.0,18.636363636363637,16.81818181818182,7.935064935064935,142.950487012987,196.85064935064935,136.32305194805195
3,68,130.1818181818182,2.0,18.272727272727273,16.636363636363637,7.841558441558441,142.9866883116883,196.21558441558443,135.70324675324676
3,69,129.27272727272728,2.0,17.90909090909091,16.454545454545453,7.748051948051948,143.0228896103896,195.58051948051948,135.08344155844156
3,70,128.36363636363635,2.0,17.545454545454543,16.272727272727273,7.654545454545454,143.0590909090909,194.94545454545454,134.46363636363637
3,71,127.45454545454545,2.0,17.18181818181818,16.09090909090909,7.56103896103896,143.0952922077922,194.31038961038962,133.84383116883117
3,72,126.54545454545455,2.0,16.818181818181817,15.909090909090908,7.467532467532467,143.1314935064935,193.67532467532467,133.22402597402598
3,73,125.63636363636363,2.0,16.454545454545453,15.727272727272727,7.374025974025974,143.1676948051948,193.04025974025973,132.60422077922078
3,74,124.72727272727272,2.0,16.09090909090909,15.545454545454545,7.28051948051948,143.2038961038961,192.4051948051948,131.9844155844156
3,75,123.81818181818181,2.0,15.727272727272727,15.363636363636363,7.187012987012987,143.2400974025974,191.77012987012986,131.3646103896104
3,76,122.9090909090909,2.0,15.363636363636363,15.181818181818182,7.093506493506493,143.2762987012987,191.13506493506495,130.7448051948052
3,77,122.0,2.0,15.0,15.0,7.0,143.3125,190.5,130.125
3,78,121.54545454545455,1.8181818181818183,13.727272727272728,13.90909090909091,7.090909090909091,144.31439393939394,190.3030303030303,129.7348484848485
3,79,121.0909090909091,1.6363636363636367,12.454545454545457,12.81818181818182,7.181818181818182,145.31628787878788,190.1060606060606,129.34469696969697
3,80,120.63636363636363,1.4545454545454533,11.181818181818173,11.72727272727272,7.272727272727273,146.31818181818184,189.9090909090909,128.95454545454544
3,81,120.18181818181817,1.2727272727272716,9.909090909090901,10.63636363636363,7.363636363636364,147.32007575757578,189.71212121212122,128.56439393939394
3,82,119.72727272727272,1.09090909090909,8.63636363636363,9.54545454545454,7.454545454545455,148.32196969696972,189.51515151515153,128.1742424242424
3,83,119.27272727272727,0.9090909090909083,7.363636363636358,8.45454545454545,7.545454545454546,149.32386363636365,189.3181818181818,127.7840909090909
3,84,118.81818181818181,0.7272727272727266,6.090909090909086,7.36363636363636,7.636363636363637,150.3257575757576,189.12121212121212,127.39393939393939
3,85,118.36363636363636,0.545454545454545,4.818181818181815,6.27272727272727,7.7272727272727275,151.32765151515153,188.92424242424244,127.00378787878788
3,86,117.9090909090909,0.3636363636363633,3.545454545454543,5.18181818181818,7.818181818181818,152.32954545454547,188.72727272727275,126.61363636363636
3,87,117.45454545454545,0.18181818181818166,2.2727272727272716,4.09090909090909,7.909090909090909,153.3314393939394,188.53030303030303,126.22348484848484
3,88,117.0,0.0,1.0,3.0,8.0,154.33333333333334,188.33333333333334,125.83333333333333
3,89,117.0,0.0,1.0,2.8181818181818166,7.909090909090908,154.16666666666669,188.8030303030303,126.16666666666667
3,90,117.0,0.0,1.0,2.6363636363636367,7.818181818181818,154.0,189.27272727272728,126.5
3,91,117.0,0.0,1.0,2.4545454545454533,7.727272727272727,153.83333333333334,189.74242424242425,126.83333333333333
3,92,117.0,0.0,1.0,2.2727272727272734,7.636363636363637,153.66666666666669,190.21212121212122,127.16666666666666
3,93,117.0,0.0,1.0,2.09090909090909,7.545454545454545,153.5,190.6818181818182,127.5
3,94,117.0,0.0,1.0,1.90909090909091,7.454545454545455,153.33333333333334,191.15151515151516,127.83333333333333
3,95,117.0,0.0,1.0,1.7272727272727266,7.363636363636363,153.16666666666666,191.62121212121212,128.16666666666666
3,96,117.0,0.0,1.0,1.5454545454545467,7.272727272727273,153.0,192.0909090909091,128.5
3,97,117.0,0.0,1.0,1.3636363636363633,7.181818181818182,152.83333333333334,192.56060606060606,128.83333333333334
3,98,117.0,0.0,1.0,1.1818181818181799,7.09090909090909,152.66666666666666,193.03030303030303,129.16666666666666
3,99,117.0,0.0,1.0,1.0,7.0,152.5,193.5,129.5
