0,0,255.0,179.0,255.0,255.0,43.840133614627284,102.10306610407876,113.14528832630099,89.73493670886076
0,1,255.0,178.87878787878788,255.0,252.8181818181818,49.22136374873264,97.10608968706617,121.11663280903787,97.35575780989886
0,2,255.0,178.75757575757575,255.0,250.63636363636363,54.60259388283801,92.1091132700536,129.08797729177476,104.97657891093695
0,3,255.0,178.63636363636363,255.0,248.45454545454547,59.983824016943366,87.11213685304101,137.05932177451166,112.59740001197505
0,4,255.0,178.5151515151515,255.0,246.27272727272728,65.36505415104872,82.11516043602843,145.03066625724853,120.21822111301316
0,5,255.0,178.3939393939394,255.0,244.0909090909091,70.74628428515409,77.11818401901584,153.00201073998542,127.83904221405126
0,6,255.0,178.27272727272728,255.0,241.9090909090909,76.12751441925946,72.12120760200327,160.97335522272232,135.45986331508936
0,7,255.0,178.15151515151516,255.0,239.72727272727272,81.5087445533648,67.12423118499068,168.9446997054592,143.08068441612744
0,8,255.0,178.03030303030303,255.0,237.54545454545456,86.88997468747017,62.127254767978094,176.91604418819608,150.70150551716554
0,9,254.9090909090909,178.0,254.8181818181818,238.1818181818182,85.30715785501685,62.92375756749908,176.95126246090828,151.04621973372744
0,10,254.78787878787878,178.0,254.57575757575756,239.75757575757575,81.40299203371065,65.6514201058646,174.34110533027894,148.96556498879727
0,11,254.66666666666666,178.0,254.33333333333334,241.33333333333334,77.49882621240442,68.37908264423011,171.73094819964962,146.8849102438671
0,12,254.54545454545453,178.0,254.0909090909091,242.9090909090909,73.59466039109822,71.10674518259562,169.12079106902027,144.80425549893693
0,13,254.42424242424244,178.0,253.84848484848484,244.4848484848485,69.69049456979201,73.83440772096114,166.51063393839092,142.72360075400675
0,14,254.3030303030303,178.0,253.6060606060606,246.06060606060606,65.7863287484858,76.56207025932665,163.90047680776158,140.64294600907658
0,15,254.1818181818182,178.0,253.36363636363637,247.63636363636363,61.882162927179586,79.28973279769217,161.29031967713223,138.5622912641464
0,16,254.06060606060606,178.0,253.12121212121212,249.21212121212122,57.97799710587338,82.01739533605767,158.68016254650288,136.48163651921624
0,17,252.42424242424244,178.0,252.5151515151515,247.21212121212122,53.48489660186639,86.77554525676793,155.9286477464274,133.45881542291042
0,18,249.27272727272728,178.0,251.54545454545456,241.63636363636365,48.40286141515861,93.56418255982294,153.03577527690575,129.49382797522898
0,19,246.12121212121212,178.0,250.57575757575756,236.06060606060606,43.32082622845082,100.35281986287798,150.14290280738408,125.52884052754752
0,20,242.96969696969697,178.0,249.6060606060606,230.48484848484847,38.23879104174305,107.14145716593299,147.25003033786243,121.56385307986608
0,21,239.8181818181818,178.0,248.63636363636363,224.9090909090909,33.15675585503527,113.930094468988,144.35715786834075,117.59886563218464
0,22,236.66666666666666,178.0,247.66666666666666,219.33333333333331,28.074720668327483,120.71873177204304,141.4642853988191,113.63387818450319
0,23,233.5151515151515,178.0,246.6969696969697,213.75757575757575,22.99268548161971,127.50736907509804,138.57141292929742,109.66889073682174
0,24,230.36363636363637,178.0,245.72727272727272,208.1818181818182,17.91065029491193,134.29600637815307,135.67854045977577,105.7039032891403
0,25,226.9090909090909,173.15151515151516,244.4848484848485,201.3939393939394,14.043370795876898,139.6102113629103,133.38714840633855,102.5374464699632
0,26,222.54545454545456,153.75757575757578,242.42424242424244,190.96969696969697,13.82035835986008,140.50111939277423,132.90019760115456,101.76658153629913
0,27,218.1818181818182,134.36363636363632,240.36363636363637,180.54545454545453,13.597345923843262,141.39202742263817,132.41324679597057,100.99571660263506
0,28,213.8181818181818,114.96969696969695,238.3030303030303,170.12121212121212,13.374333487826444,142.28293545250207,131.92629599078657,100.22485166897098
0,29,209.45454545454544,95.57575757575758,236.24242424242425,159.6969696969697,13.151321051809626,143.173843482366,131.43934518560258,99.45398673530691
0,30,205.09090909090907,76.18181818181813,234.1818181818182,149.27272727272725,12.928308615792808,144.06475151222995,130.95239438041858,98.68312180164283
0,31,200.72727272727272,56.78787878787875,232.12121212121212,138.84848484848482,12.705296179775992,144.95565954209388,130.46544357523462,97.91225686797875
0,32,196.36363636363637,37.39393939393938,230.06060606060606,128.4242424242424,12.482283743759174,145.8465675719578,129.97849277005062,97.14139193431468
0,33,192.0,18.0,228.0,118.0,12.259271307742356,146.73747560182173,129.49154196486663,96.37052700065061
0,34,192.4848484848485,37.39393939393938,227.27272727272728,118.36363636363636,12.316543977510959,142.30780684200496,131.7713971475764,99.17136379518455
0,35,192.96969696969697,56.78787878787875,226.54545454545456,118.72727272727272,12.373816647279563,137.87813808218817,134.05125233028616,101.97220058971847
0,36,193.45454545454544,76.18181818181813,225.8181818181818,119.0909090909091,12.431089317048166,133.4484693223714,136.33110751299594,104.7730373842524
0,37,193.93939393939394,95.57575757575765,225.0909090909091,119.45454545454545,12.48836198681677,129.01880056255462,138.61096269570572,107.57387417878635
0,38,194.42424242424244,114.96969696969703,224.36363636363637,119.81818181818181,12.545634656585372,124.58913180273784,140.89081787841548,110.37471097332028
0,39,194.9090909090909,134.3636363636364,223.63636363636363,120.18181818181819,12.602907326353977,120.15946304292106,143.17067306112526,113.17554776785421
0,40,195.3939393939394,153.75757575757578,222.9090909090909,120.54545454545455,12.66017999612258,115.7297942831043,145.450528243835,115.97638456238815
0,41,195.87878787878788,173.15151515151516,222.1818181818182,120.9090909090909,12.717452665891184,111.30012552328752,147.7303834265448,118.77722135692207
0,42,193.54545454545456,178.0,219.72727272727272,117.54545454545455,12.820303276269186,108.91426849665486,148.39543568804933,119.86673143775417
0,43,190.27272727272728,178.0,216.6969696969697,112.93939393939395,12.938346533516988,107.20968204775023,148.52222030915212,120.38579928068565
0,44,186.99999999999997,178.0,213.66666666666666,108.33333333333331,13.056389790764792,105.50509559884559,148.64900493025493,120.90486712361712
0,45,183.72727272727272,178.0,210.63636363636363,103.7272727272727,13.174433048012594,103.80050914994095,148.77578955135775,121.4239349665486
0,46,180.45454545454544,178.0,207.6060606060606,99.12121212121211,13.292476305260397,102.09592270103633,148.90257417246053,121.94300280948008
0,47,177.1818181818182,178.0,204.57575757575756,94.5151515151515,13.410519562508199,100.3913362521317,149.02935879356335,122.46207065241155
0,48,173.9090909090909,178.0,201.54545454545453,89.9090909090909,13.528562819756,98.68674980322707,149.15614341466613,122.98113849534303
0,49,170.63636363636363,178.0,198.5151515151515,85.3030303030303,13.646606077003804,96.98216335432244,149.28292803576895,123.50020633827452
0,50,165.12121212121212,167.87878787878788,191.96969696969697,79.9090909090909,13.561852289125016,95.3719992129083,149.51652892561984,124.07480650662468
0,51,157.36363636363637,147.63636363636365,181.90909090909093,73.72727272727273,13.274301456119638,93.85625737898465,149.8569460842188,124.70493900039354
0,52,149.60606060606062,127.39393939393943,171.84848484848487,67.54545454545456,12.98675062311426,92.340515545061,150.19736324281777,125.3350714941624
0,53,141.84848484848482,107.15151515151507,161.78787878787875,61.36363636363634,12.69919979010888,90.82477371113734,150.53778040141677,125.96520398793126
0,54,134.09090909090907,86.90909090909084,151.7272727272727,55.18181818181816,12.411648957103502,89.30903187721368,150.87819756001574,126.59533648170012
0,55,126.33333333333331,66.66666666666661,141.66666666666663,48.999999999999986,12.124098124098124,87.79329004329004,151.2186147186147,127.22546897546898
0,56,118.57575757575756,46.42424242424238,131.6060606060606,42.818181818181806,11.836547291092746,86.27754820936639,151.5590318772137,127.85560146923784
0,57,110.81818181818181,26.18181818181816,121.54545454545453,36.63636363636363,11.548996458087368,84.76180637544275,151.89944903581267,128.4857339630067
0,58,107.24242424242424,10.93939393939394,113.24242424242425,33.96969696969697,11.367424242424242,84.62920875420875,152.0015031265031,128.58164983164983
0,59,116.2121212121212,10.696969696969697,110.21212121212122,41.848484848484844,11.503787878787879,88.64604377104376,151.388468013468,127.07491582491583
0,60,125.18181818181823,10.454545454545453,107.18181818181816,49.72727272727277,11.640151515151516,92.66287878787881,150.7754329004329,125.56818181818181
0,61,134.15151515151518,10.212121212121211,104.15151515151514,57.60606060606064,11.776515151515152,96.67971380471383,150.1623977873978,124.0614478114478
0,62,143.12121212121215,9.969696969696969,101.12121212121211,65.48484848484851,11.912878787878789,100.69654882154883,149.54936267436267,122.5547138047138
0,63,152.09090909090912,9.727272727272727,98.09090909090908,73.36363636363639,12.049242424242426,104.71338383838385,148.93632756132757,121.04797979797979
0,64,161.06060606060606,9.484848484848484,95.06060606060606,81.24242424242425,12.185606060606062,108.73021885521885,148.32329244829245,119.54124579124579
0,65,170.03030303030303,9.242424242424242,92.03030303030303,89.12121212121212,12.321969696969697,112.74705387205387,147.71025733525735,118.03451178451178
0,66,179.0,9.0,89.0,97.0,12.458333333333334,116.76388888888889,147.09722222222223,116.52777777777777
0,67,168.33333333333334,8.636363636363637,88.87878787878788,88.03030303030303,12.362373737373737,112.69553872053872,148.17230639730641,118.47592592592592
0,68,157.66666666666669,8.272727272727273,88.75757575757575,79.06060606060608,12.266414141414142,108.62718855218856,149.24739057239057,120.42407407407407
0,69,147.00000000000003,7.90909090909091,88.63636363636364,70.09090909090912,12.170454545454547,104.55883838383839,150.32247474747476,122.3722222222222
0,70,136.33333333333337,7.545454545454547,88.51515151515152,61.12121212121215,12.07449494949495,100.49048821548823,151.39755892255891,124.32037037037036
0,71,125.66666666666671,7.181818181818183,88.39393939393939,52.15151515151519,11.978535353535353,96.42213804713806,152.4726430976431,126.2685185185185
0,72,115.00000000000006,6.81818181818182,88.27272727272728,43.18181818181823,11.882575757575758,92.3537878787879,153.54772727272726,128.21666666666664
0,73,104.33333333333324,6.4545454545454515,88.15151515151516,34.21212121212113,11.78661616161616,88.28543771043768,154.62281144781147,130.16481481481483
0,74,93.66666666666659,6.090909090909088,88.03030303030303,25.24242424242418,11.690656565656564,84.21708754208751,155.69789562289563,132.11296296296297
0,75,91.72727272727273,6.272727272727275,91.00000000000003,22.54545454545454,11.613636363636363,83.84848484848486,155.37878787878788,131.89393939393938
0,76,92.6969696969697,6.6363636363636385,95.00000000000003,21.939393939393938,11.542929292929292,84.71313131313131,154.5949494949495,130.95252525252525
0,77,93.66666666666667,7.000000000000002,99.00000000000001,21.33333333333333,11.472222222222221,85.57777777777778,153.8111111111111,130.0111111111111
0,78,94.63636363636364,7.363636363636365,103.00000000000001,20.727272727272727,11.40151515151515,86.44242424242425,153.02727272727273,129.06969696969696
0,79,95.60606060606061,7.727272727272728,107.00000000000001,20.121212121212118,11.330808080808081,87.30707070707071,152.24343434343433,128.1282828282828
0,80,96.57575757575758,8.090909090909092,111.0,19.515151515151516,11.26010101010101,88.17171717171718,151.45959595959596,127.18686868686868
0,81,97.54545454545455,8.454545454545455,115.0,18.909090909090907,11.18939393939394,89.03636363636363,150.6757575757576,126.24545454545454
0,82,98.51515151515152,8.818181818181818,119.0,18.303030303030305,11.118686868686869,89.9010101010101,149.8919191919192,125.30404040404039
0,83,97.36363636363636,8.515151515151516,115.84848484848486,17.21212121212121,11.15909090909091,91.06060606060606,149.37878787878788,124.56060606060606
0,84,94.0909090909091,7.545454545454547,105.54545454545456,15.636363636363638,11.31060606060606,92.5151515151515,149.13636363636363,124.01515151515152
0,85,90.81818181818183,6.575757575757578,95.24242424242426,14.060606060606064,11.462121212121213,93.96969696969697,148.8939393939394,123.46969696969697
0,86,87.54545454545456,5.606060606060609,84.93939393939397,12.48484848484849,11.613636363636363,95.42424242424241,148.65151515151516,122.92424242424242
0,87,84.27272727272728,4.63636363636364,74.63636363636368,10.909090909090915,11.765151515151516,96.87878787878788,148.4090909090909,122.37878787878788
0,88,80.99999999999997,3.666666666666657,64.33333333333323,9.333333333333318,11.916666666666668,98.33333333333334,148.16666666666666,121.83333333333333
0,89,77.72727272727269,2.6969696969696884,54.030303030302946,7.757575757575744,12.06818181818182,99.7878787878788,147.92424242424244,121.28787878787878
0,90,74.45454545454542,1.7272727272727195,43.72727272727265,6.181818181818169,12.219696969696972,101.24242424242425,147.6818181818182,120.74242424242424
0,91,71.57575757575756,0.9696969696969688,35.060606060606034,4.878787878787875,12.323232323232324,102.18686868686868,147.5,120.35353535353535
0,92,69.87878787878788,0.8484848484848477,31.30303030303028,4.393939393939391,12.282828282828284,101.60101010101009,147.5,120.43434343434343
0,93,68.18181818181817,0.7272727272727266,27.545454545454525,3.9090909090909065,12.242424242424242,101.0151515151515,147.5,120.51515151515152
0,94,66.48484848484847,0.6060606060606055,23.78787878787877,3.424242424242422,12.202020202020202,100.42929292929293,147.5,120.5959595959596
0,95,64.78787878787878,0.4848484848484844,20.030303030303017,2.9393939393939377,12.161616161616163,99.84343434343434,147.5,120.67676767676768
0,96,63.090909090909086,0.3636363636363633,16.272727272727263,2.4545454545454533,12.121212121212121,99.25757575757575,147.5,120.75757575757575
0,97,61.39393939393939,0.2424242424242422,12.515151515151508,1.9696969696969688,12.080808080808081,98.67171717171718,147.5,120.83838383838383
0,98,59.696969696969695,0.1212121212121211,8.757575757575754,1.4848484848484844,12.04040404040404,98.08585858585859,147.5,120.91919191919192
0,99,58.0,0.0,5.0,1.0,12.0,97.5,147.5,121.0
1,0,255.0,179.0,255.0,255.0,13.601005625879043,172.14256680731364,106.71290436005626,74.39085794655415
1,1,255.0,178.87878787878788,255.0,254.27272727272728,16.3867233748156,165.89684158231174,111.08633337019413,79.31624248423525
1,2,255.0,178.75757575757575,255.0,253.54545454545453,19.172441123752154,159.65111635730986,115.459762380332,84.24162702191636
1,3,255.0,178.63636363636363,255.0,252.8181818181818,21.95815887268871,153.40539113230795,119.83319139046986,89.16701155959746
1,4,255.0,178.5151515151515,255.0,252.0909090909091,24.74387662162527,147.15966590730605,124.20662040060773,94.09239609727855
1,5,255.0,178.3939393939394,255.0,251.36363636363637,27.529594370561824,140.91394068230414,128.5800494107456,99.01778063495965
1,6,255.0,178.27272727272728,255.0,250.63636363636363,30.315312119498376,134.66821545730227,132.95347842088347,103.94316517264076
1,7,255.0,178.15151515151516,255.0,249.9090909090909,33.101029868434935,128.42249023230036,137.32690743102134,108.86854971032186
1,8,255.0,178.03030303030303,255.0,249.1818181818182,35.88674761737149,122.17676500729846,141.7003364411592,113.79393424800296
1,9,255.0,178.0,255.0,246.1818181818182,36.56496189059638,117.49569508775218,142.98108740104132,115.68963138186946
1,10,255.0,178.0,255.0,242.42424242424244,36.54067500525071,113.3361769366911,143.23094567750485,116.57543271446443
1,11,255.0,178.0,255.0,238.66666666666666,36.516388119905045,109.17665878563002,143.48080395396835,117.46123404705939
1,12,255.0,178.0,255.0,234.9090909090909,36.492101234559385,105.01714063456896,143.73066223043188,118.34703537965436
1,13,255.0,178.0,255.0,231.15151515151516,36.46781434921372,100.8576224835079,143.9805205068954,119.23283671224932
1,14,255.0,178.0,255.0,227.39393939393938,36.44352746386805,96.6981043324468,144.2303787833589,120.11863804484429
1,15,255.0,178.0,255.0,223.63636363636363,36.419240578522384,92.53858618138574,144.48023705982243,121.00443937743925
1,16,255.0,178.0,255.0,219.87878787878788,36.39495369317672,88.37906803032466,144.73009533628596,121.89024071003422
1,17,254.87878787878788,178.0,254.63636363636363,215.57575757575756,35.32458858022266,87.9478963667196,144.4966246144548,121.68647850534228
1,18,254.63636363636363,178.0,253.9090909090909,210.72727272727275,33.2081452396602,91.24507119057054,143.77982489432893,120.39315276336343
1,19,254.3939393939394,178.0,253.1818181818182,205.87878787878788,31.09170189909773,94.54224601442151,143.06302517420306,119.0998270213846
1,20,254.15151515151516,178.0,252.45454545454547,201.03030303030303,28.97525855853527,97.83942083827245,142.3462254540772,117.80650127940575
1,21,253.9090909090909,178.0,251.72727272727272,196.1818181818182,26.85881521797281,101.1365956621234,141.62942573395134,116.51317553742692
1,22,253.66666666666666,178.0,251.0,191.33333333333331,24.742371877410342,104.43377048597435,140.91262601382547,115.21984979544807
1,23,253.42424242424244,178.0,250.27272727272728,186.48484848484847,22.625928536847887,107.7309453098253,140.1958262936996,113.92652405346924
1,24,253.1818181818182,178.0,249.54545454545453,181.63636363636363,20.509485196285425,111.02812013367625,139.47902657357375,112.63319831149039
1,25,252.66666666666666,178.0,248.87878787878788,177.72727272727272,18.765820034057576,113.906197542575,138.41791634468265,111.1566023103296
1,26,251.33333333333334,178.0,248.3939393939394,176.63636363636363,18.140489406833563,115.52698270661713,136.32387458949583,109.13019553162299
1,27,250.0,178.0,247.9090909090909,175.54545454545453,17.515158779609543,117.1477678706593,134.22983283430898,107.10378875291636
1,28,248.66666666666666,178.0,247.42424242424244,174.45454545454547,16.88982815238553,118.76855303470144,132.13579107912216,105.07738197420974
1,29,247.33333333333334,178.0,246.93939393939394,173.36363636363637,16.264497525161513,120.38933819874357,130.04174932393533,103.05097519550313
1,30,246.0,178.0,246.45454545454544,172.27272727272728,15.639166897937496,122.01012336278573,127.94770756874851,101.0245684167965
1,31,244.66666666666666,178.0,245.96969696969697,171.1818181818182,15.013836270713481,123.63090852682787,125.85366581356169,98.99816163808988
1,32,243.33333333333334,178.0,245.4848484848485,170.0909090909091,14.388505643489466,125.25169369087001,123.75962405837485,96.97175485938325
1,33,242.0,178.0,245.0,169.0,13.763175016265452,126.87247885491216,121.66558230318803,94.94534808067664
1,34,230.96969696969697,177.87878787878788,232.51515151515153,159.1818181818182,14.004844037862904,119.9344426974144,123.22968680515851,97.53057104059462
1,35,219.93939393939397,177.75757575757575,220.03030303030306,149.36363636363637,14.246513059460359,112.99640653991663,124.79379130712898,100.1157940005126
1,36,208.90909090909093,177.63636363636363,207.54545454545456,139.54545454545456,14.488182081057811,106.05837038241887,126.35789580909946,102.70101696043058
1,37,197.87878787878785,177.5151515151515,195.060606060606,129.7272727272727,14.729851102655267,99.12033422492105,127.92200031106994,105.28623992034858
1,38,186.84848484848482,177.3939393939394,182.57575757575754,119.90909090909088,14.97152012425272,92.18229806742329,129.4861048130404,107.87146288026656
1,39,175.8181818181818,177.27272727272728,170.09090909090907,110.09090909090907,15.213189145850174,85.24426190992553,131.05020931501087,110.45668584018455
1,40,164.78787878787878,177.15151515151516,157.6060606060606,100.27272727272727,15.454858167447627,78.30622575242776,132.61431381698137,113.04190880010252
1,41,153.75757575757575,177.03030303030303,145.12121212121212,90.45454545454545,15.696527189045081,71.36818959493,134.17841831895183,115.6271317600205
1,42,151.72727272727272,161.81818181818184,142.0,88.72727272727272,15.326462678735407,71.74057539682539,134.535779876689,115.78183416961826
1,43,152.6969696969697,141.57575757575762,142.0,89.69696969696969,14.752486991123355,74.54976851851852,134.49089378634835,115.1263630624426
1,44,153.66666666666669,121.33333333333323,142.0,90.66666666666667,14.1785113035113,77.35896164021166,134.4460076960077,114.47089195526695
1,45,154.63636363636363,101.09090909090901,142.0,91.63636363636364,13.60453561589925,80.16815476190477,134.40112160566707,113.81542084809129
1,46,155.60606060606062,80.84848484848479,142.0,92.60606060606061,13.030559928287198,82.9773478835979,134.35623551532643,113.15994974091565
1,47,156.57575757575756,60.606060606060566,142.0,93.57575757575758,12.456584240675149,85.78654100529101,134.3113494249858,112.50447863373999
1,48,157.54545454545456,40.363636363636346,142.0,94.54545454545455,11.882608553063097,88.59573412698413,134.26646333464515,111.84900752656435
1,49,158.5151515151515,20.121212121212125,142.0,95.51515151515152,11.308632865451047,91.40492724867725,134.2215772443045,111.19353641938869
1,50,155.0,9.93939393939394,137.93939393939394,92.48484848484848,11.008428440246622,92.13095238095238,134.4691722418995,111.23937426210153
1,51,147.0,9.818181818181818,129.81818181818184,85.45454545454547,10.981995277449823,90.77380952380953,135.00924832743013,111.98652105470286
1,52,139.00000000000003,9.696969696969697,121.69696969696972,78.42424242424244,10.955562114653024,89.41666666666667,135.54932441296077,112.7336678473042
1,53,130.99999999999997,9.575757575757574,113.57575757575754,71.39393939393936,10.929128951856224,88.05952380952381,136.08940049849141,113.48081463990555
1,54,122.99999999999997,9.454545454545453,105.45454545454542,64.36363636363635,10.902695789059425,86.70238095238095,136.62947658402203,114.22796143250689
1,55,114.99999999999997,9.333333333333332,97.33333333333331,57.333333333333314,10.876262626262626,85.34523809523809,137.16955266955267,114.97510822510822
1,56,106.99999999999999,9.212121212121211,89.21212121212119,50.30303030303029,10.849829463465827,83.98809523809524,137.7096287550833,115.72225501770956
1,57,99.0,9.09090909090909,81.0909090909091,43.272727272727266,10.823396300669028,82.63095238095238,138.24970484061393,116.4694018103109
1,58,94.0,14.121212121212118,75.72727272727272,39.18181818181818,11.166847041847042,80.46488696488697,138.73256373256373,117.36892736892736
1,59,98.0,34.60606060606058,78.63636363636363,43.90909090909091,12.619949494949493,75.87205387205388,139.04377104377105,118.72558922558922
1,60,102.00000000000003,55.0909090909092,81.54545454545456,48.63636363636366,14.073051948051956,71.27922077922075,139.35497835497836,120.08225108225109
1,61,106.00000000000001,75.57575757575766,84.45454545454547,53.36363636363639,15.526154401154407,66.68638768638766,139.66618566618567,121.43891293891295
1,62,110.00000000000001,96.06060606060613,87.36363636363637,58.09090909090911,16.97925685425686,62.09355459355458,139.97739297739298,122.7955747955748
1,63,114.00000000000001,116.5454545454546,90.27272727272728,62.81818181818183,18.432359307359313,57.50072150072149,140.2886002886003,124.15223665223665
1,64,118.0,137.03030303030306,93.18181818181819,67.54545454545456,19.885461760461766,52.9078884078884,140.5998075998076,125.50889850889851
1,65,122.0,157.51515151515153,96.0909090909091,72.27272727272728,21.338564213564215,48.31505531505531,140.91101491101492,126.86556036556037
1,66,126.0,178.0,99.0,77.0,22.791666666666668,43.72222222222222,141.22222222222223,128.22222222222223
1,67,119.93939393939394,158.36363636363637,95.0,72.87878787878788,21.018939393939398,44.4993265993266,141.27609427609428,128.0821548821549
1,68,113.87878787878789,138.72727272727275,91.0,68.75757575757576,19.246212121212125,45.27643097643097,141.32996632996634,127.94208754208755
1,69,107.81818181818184,119.09090909090915,87.00000000000001,64.63636363636365,17.473484848484855,46.05353535353535,141.3838383838384,127.8020202020202
1,70,101.75757575757578,99.45454545454552,83.00000000000001,60.51515151515153,15.700757575757581,46.830639730639724,141.43771043771045,127.66195286195287
1,71,95.69696969696972,79.8181818181819,79.00000000000001,56.39393939393941,13.928030303030312,47.607744107744104,141.49158249158248,127.52188552188552
1,72,89.63636363636367,60.18181818181829,75.00000000000003,52.272727272727295,12.15530303030304,48.38484848484848,141.54545454545453,127.38181818181818
1,73,83.57575757575752,40.54545454545439,70.99999999999997,48.15151515151511,10.382575757575742,49.16195286195287,141.5993265993266,127.24175084175084
1,74,77.51515151515147,20.909090909090764,66.99999999999997,44.030303030303,8.60984848484847,49.93905723905724,141.65319865319864,127.1016835016835
1,75,73.7272727272727,14.818181818181808,62.81818181818179,39.81818181818179,8.340909090909092,51.9848484848485,141.08333333333331,126.1060606060606
1,76,70.69696969696967,13.242424242424233,58.57575757575755,35.57575757575755,8.573232323232324,54.453535353535365,140.30555555555554,124.82525252525251
1,77,67.66666666666666,11.666666666666659,54.333333333333314,31.333333333333314,8.805555555555557,56.92222222222223,139.52777777777777,123.54444444444444
1,78,64.63636363636363,10.090909090909085,50.09090909090907,27.090909090909072,9.037878787878789,59.390909090909105,138.75,122.26363636363635
1,79,61.606060606060595,8.51515151515151,45.84848484848484,22.848484848484837,9.27020202020202,61.859595959595964,137.97222222222223,120.98282828282828
1,80,58.57575757575757,6.939393939393936,41.606060606060595,18.606060606060595,9.502525252525253,64.32828282828284,137.19444444444443,119.7020202020202
1,81,55.54545454545454,5.3636363636363615,37.36363636363636,14.36363636363636,9.734848484848486,66.7969696969697,136.41666666666666,118.42121212121212
1,82,52.515151515151516,3.787878787878787,33.12121212121212,10.121212121212118,9.967171717171718,69.26565656565657,135.63888888888889,117.14040404040404
1,83,51.06060606060606,2.9393939393939394,30.636363636363637,7.818181818181818,10.08838383838384,71.47979797979798,134.91161616161617,115.95454545454545
1,84,51.18181818181818,2.8181818181818183,29.90909090909091,7.454545454545455,10.09848484848485,73.43939393939394,134.23484848484847,114.86363636363636
1,85,51.303030303030305,2.6969696969696972,29.181818181818183,7.090909090909092,10.108585858585858,75.3989898989899,133.5580808080808,113.77272727272728
1,86,51.42424242424242,2.575757575757576,28.454545454545457,6.727272727272728,10.118686868686869,77.35858585858585,132.88131313131314,112.68181818181819
1,87,51.54545454545455,2.454545454545455,27.72727272727273,6.363636363636365,10.128787878787879,79.31818181818181,132.20454545454544,111.5909090909091
1,88,51.66666666666667,2.333333333333332,26.999999999999993,5.9999999999999964,10.13888888888889,81.2777777777778,131.52777777777777,110.49999999999999
1,89,51.78787878787879,2.212121212121211,26.272727272727266,5.636363636363633,10.148989898989898,83.23737373737376,130.85101010101008,109.4090909090909
1,90,51.90909090909091,2.09090909090909,25.54545454545454,5.27272727272727,10.159090909090908,85.19696969696972,130.1742424242424,108.31818181818181
1,91,51.606060606060595,1.9393939393939377,24.272727272727252,4.939393939393938,10.13131313131313,86.17676767676767,129.6919191919192,107.62121212121212
1,92,50.03030303030302,1.6969696969696955,21.363636363636346,4.6969696969696955,9.989898989898988,84.21717171717171,129.79292929292927,108.10606060606061
1,93,48.454545454545446,1.4545454545454533,18.45454545454544,4.454545454545453,9.848484848484848,82.25757575757575,129.89393939393938,108.5909090909091
1,94,46.878787878787875,1.212121212121211,15.545454545454533,4.212121212121211,9.707070707070706,80.29797979797979,129.99494949494948,109.07575757575758
1,95,45.3030303030303,0.9696969696969688,12.636363636363626,3.969696969696969,9.565656565656564,78.33838383838383,130.09595959595958,109.56060606060606
1,96,43.72727272727272,0.7272727272727266,9.72727272727272,3.7272727272727266,9.424242424242424,76.37878787878788,130.1969696969697,110.04545454545455
1,97,42.15151515151515,0.4848484848484844,6.818181818181813,3.4848484848484844,9.282828282828282,74.41919191919192,130.2979797979798,110.53030303030303
1,98,40.57575757575758,0.2424242424242422,3.9090909090909065,3.242424242424242,9.141414141414142,72.45959595959596,130.3989898989899,111.01515151515152
1,99,39.0,0.0,1.0,3.0,9.0,70.5,130.5,111.5
2,0,255.0,179.0,255.0,255.0,72.34606891701829,74.43712376933895,109.88431082981715,89.25822081575247
2,1,254.75757575757575,179.0,254.03030303030303,248.8181818181818,75.21996019962566,74.05622451353915,116.61520573355112,94.72475904934313
2,2,254.5151515151515,179.0,253.06060606060606,242.63636363636363,78.09385148223303,73.67532525773936,123.34610063728508,100.19129728293382
2,3,254.27272727272728,179.0,252.0909090909091,236.45454545454544,80.96774276484041,73.29442600193956,130.07699554101904,105.65783551652449
2,4,254.03030303030303,179.0,251.12121212121212,230.27272727272728,83.84163404744778,72.91352674613977,136.807890444753,111.12437375011515
2,5,253.78787878787878,179.0,250.15151515151516,224.0909090909091,86.71552533005516,72.53262749033996,143.53878534848698,116.59091198370584
2,6,253.54545454545453,179.0,249.1818181818182,217.9090909090909,89.58941661266255,72.15172823454017,150.26968025222095,122.0574502172965
2,7,253.3030303030303,179.0,248.21212121212122,211.72727272727272,92.46330789526992,71.77082897874037,157.0005751559549,127.52398845088717
2,8,253.06060606060606,179.0,247.24242424242425,205.54545454545456,95.3371991778773,71.38992972294058,163.73147005968886,132.99052668447786
2,9,253.1818181818182,178.9090909090909,247.1818181818182,206.9090909090909,92.25862249497641,74.34223145187318,164.36946793466475,133.7153681638894
2,10,253.42424242424244,178.78787878787878,247.42424242424244,210.78787878787878,87.19588982357276,78.40560017571659,162.97650013338796,132.8596440585746
2,11,253.66666666666666,178.66666666666666,247.66666666666666,214.66666666666669,82.13315715216912,82.46896889956,161.58353233211116,132.00391995325975
2,12,253.9090909090909,178.54545454545453,247.9090909090909,218.54545454545456,77.07042448076547,86.53233762340341,160.19056453083437,131.14819584794492
2,13,254.15151515151516,178.42424242424244,248.15151515151516,222.42424242424244,72.00769180936183,90.5957063472468,158.79759672955757,130.2924717426301
2,14,254.3939393939394,178.3030303030303,248.3939393939394,226.3030303030303,66.9449591379582,94.65907507109021,157.40462892828077,129.43674763731528
2,15,254.63636363636363,178.1818181818182,248.63636363636363,230.1818181818182,61.88222646655454,98.72244379493362,156.01166112700398,128.58102353200044
2,16,254.87878787878788,178.06060606060606,248.87878787878788,234.06060606060606,56.819493795150905,102.78581251877702,154.61869332572718,127.72529942668564
2,17,254.27272727272728,178.06060606060606,249.0,233.33333333333334,54.244025829373626,103.08387682474407,151.61685460044842,125.51335481159423
2,18,252.8181818181818,178.1818181818182,249.0,228.0,54.15582256922271,99.61663671283475,147.00614495116776,121.94518968672625
2,19,251.36363636363637,178.3030303030303,249.0,222.66666666666666,54.06761930907179,96.14939660092541,142.39543530188706,118.37702456185825
2,20,249.9090909090909,178.42424242424244,249.0,217.33333333333331,53.97941604892087,92.6821564890161,137.78472565260637,114.80885943699028
2,21,248.45454545454547,178.54545454545453,249.0,212.0,53.891212788769955,89.21491637710677,133.1740160033257,111.24069431212229
2,22,247.0,178.66666666666666,249.0,206.66666666666666,53.803009528619036,85.74767626519744,128.563306354045,107.6725291872543
2,23,245.54545454545453,178.78787878787878,249.0,201.33333333333331,53.71480626846812,82.28043615328812,123.95259670476433,104.10436406238631
2,24,244.0909090909091,178.9090909090909,249.0,196.0,53.6266030083172,78.8131960413788,119.34188705548365,100.53619893751832
2,25,243.33333333333334,178.96969696969697,249.0909090909091,191.84848484848484,52.67906193688267,78.01677176812491,116.03943170273146,97.65618645958816
2,26,244.66666666666666,178.84848484848484,249.45454545454547,191.24242424242425,49.153507431597326,85.23279501083734,116.66173923956472,96.84063192247146
2,27,246.0,178.72727272727272,249.8181818181818,190.63636363636363,45.62795292631196,92.44881825354977,117.28404677639799,96.02507738535475
2,28,247.33333333333334,178.6060606060606,250.1818181818182,190.03030303030303,42.10239842102662,99.6648414962622,117.90635431323123,95.20952284823805
2,29,248.66666666666666,178.4848484848485,250.54545454545453,189.42424242424244,38.57684391574127,106.88086473897462,118.5286618500645,94.39396831112134
2,30,250.0,178.36363636363637,250.9090909090909,188.8181818181818,35.05128941045591,114.09688798168706,119.15096938689776,93.57841377400464
2,31,251.33333333333334,178.24242424242425,251.27272727272728,188.21212121212122,31.525734905170566,121.31291122439947,119.77327692373102,92.76285923688793
2,32,252.66666666666666,178.12121212121212,251.63636363636363,187.6060606060606,28.000180399885217,128.5289344671119,120.39558446056427,91.94730469977122
2,33,254.0,178.0,252.0,187.0,24.47462589459987,135.74495770982432,121.01789199739753,91.13175016265453
2,34,254.12121212121212,177.87878787878788,252.36363636363637,190.27272727272728,23.74432612286386,141.55954196048535,116.90355997077695,87.3243242170129
2,35,254.24242424242425,177.75757575757575,252.72727272727272,193.54545454545453,23.01402635112785,147.37412621114635,112.78922794415638,83.51689827137128
2,36,254.36363636363637,177.63636363636363,253.0909090909091,196.8181818181818,22.28372657939184,153.18871046180737,108.6748959175358,79.70947232572966
2,37,254.4848484848485,177.5151515151515,253.45454545454547,200.0909090909091,21.553426807655825,159.00329471246843,104.5605638909152,75.90204638008801
2,38,254.6060606060606,177.3939393939394,253.8181818181818,203.36363636363637,20.823127035919814,164.81787896312946,100.44623186429463,72.09462043444638
2,39,254.72727272727272,177.27272727272728,254.1818181818182,206.63636363636365,20.092827264183803,170.6324632137905,96.33189983767406,68.28719448880477
2,40,254.84848484848484,177.15151515151516,254.54545454545453,209.9090909090909,19.362527492447793,176.4470474644515,92.21756781105348,64.47976854316315
2,41,254.96969696969697,177.03030303030303,254.9090909090909,213.1818181818182,18.632227720711782,182.26163171511251,88.10323578443291,60.67234259752152
2,42,244.72727272727275,161.27272727272728,243.0909090909091,202.54545454545456,17.87807867637413,183.277367834186,86.90867686606322,59.55266545323364
2,43,231.03030303030306,140.30303030303034,227.21212121212125,187.2727272727273,17.115979874502603,182.693487909397,86.68737565044383,59.32890457606367
2,44,217.33333333333326,119.33333333333323,211.33333333333326,171.99999999999994,16.35388107263107,182.10960798460798,86.46607443482444,59.1051436988937
2,45,203.63636363636357,98.36363636363627,195.45454545454538,156.72727272727266,15.591782270759541,181.52572805981896,86.24477321920503,58.88138282172373
2,46,189.93939393939388,77.39393939393933,179.5757575757575,141.4545454545454,14.829683468888012,180.94184813502994,86.02347200358564,58.65762194455376
2,47,176.2424242424242,56.42424242424238,163.69696969696966,126.18181818181814,14.067584667016483,180.35796821024093,85.80217078796623,58.433861067383795
2,48,162.54545454545453,35.45454545454544,147.8181818181818,110.90909090909089,13.305485865144956,179.7740882854519,85.58086957234684,58.21010019021383
2,49,148.84848484848484,14.48484848484847,131.93939393939394,95.63636363636363,12.543387063273428,179.1902083606629,85.35956835672745,57.98633931304386
2,50,142.4848484848485,14.545454545454536,125.21212121212122,88.66666666666667,14.200478814115176,172.7619375573921,86.10829069919978,59.436179981634524
2,51,143.45454545454544,35.63636363636361,127.63636363636363,90.0,18.276761117670205,160.48927587563952,87.82703659976387,62.559622195985824
2,52,144.42424242424244,56.72727272727268,130.06060606060606,91.33333333333333,22.35304342122523,148.21661419388693,89.54578250032795,65.68306441033712
2,53,145.3939393939394,77.81818181818191,132.4848484848485,92.66666666666667,26.429325724780284,135.94395251213427,91.26452840089205,68.80650662468845
2,54,146.36363636363637,98.90909090909098,134.9090909090909,94.0,30.505608028335313,123.6712908303817,92.98327430145612,71.92994883903975
2,55,147.33333333333334,120.00000000000006,137.33333333333334,95.33333333333334,34.581890331890335,111.39862914862911,94.70202020202021,75.05339105339105
2,56,148.3030303030303,141.09090909090912,139.75757575757575,96.66666666666667,38.65817263544537,99.12596746687653,96.42076610258428,78.17683326774235
2,57,149.27272727272728,162.1818181818182,142.1818181818182,98.0,42.73445493900039,86.85330578512395,98.13951200314837,81.30027548209367
2,58,148.0909090909091,178.0,143.57575757575756,97.18181818181819,45.45454545454545,77.63083213083213,99.71651034151034,83.88389850889851
2,59,140.45454545454547,178.0,141.87878787878788,89.90909090909092,44.1060606060606,77.55892255892256,100.868265993266,84.84806397306397
2,60,132.81818181818178,178.0,140.1818181818182,82.6363636363636,42.75757575757575,77.48701298701299,102.02002164502166,85.81222943722945
2,61,125.18181818181814,178.0,138.48484848484847,75.36363636363633,41.4090909090909,77.41510341510342,103.17177729677731,86.77639490139491
2,62,117.54545454545452,178.0,136.78787878787878,68.09090909090907,40.060606060606055,77.34319384319384,104.32353294853296,87.74056036556037
2,63,109.90909090909089,178.0,135.0909090909091,60.8181818181818,38.712121212121204,77.27128427128427,105.47528860028861,88.70472582972583
2,64,102.27272727272725,178.0,133.39393939393938,53.54545454545453,37.36363636363636,77.1993746993747,106.62704425204426,89.6688912938913
2,65,94.63636363636363,178.0,131.6969696969697,46.272727272727266,36.015151515151516,77.12746512746513,107.77879990379991,90.63305675805677
2,66,87.0,178.0,130.0,39.0,34.666666666666664,77.05555555555556,108.93055555555556,91.59722222222223
2,67,87.12121212121212,157.63636363636365,131.6969696969697,38.515151515151516,31.785858585858588,84.53569023569023,106.68846801346801,88.59957912457914
2,68,87.24242424242425,137.2727272727273,133.39393939393938,38.03030303030303,28.905050505050507,92.01582491582491,104.44638047138048,85.60193602693603
2,69,87.36363636363636,116.90909090909096,135.0909090909091,37.54545454545455,26.02424242424243,99.49595959595959,102.20429292929293,82.60429292929294
2,70,87.48484848484848,96.54545454545462,136.78787878787878,37.06060606060606,23.14343434343435,106.97609427609426,99.9622053872054,79.60664983164985
2,71,87.60606060606061,76.18181818181827,138.48484848484847,36.57575757575758,20.262626262626274,114.45622895622893,97.72011784511785,76.60900673400674
2,72,87.72727272727272,55.81818181818193,140.1818181818182,36.09090909090909,17.381818181818197,121.93636363636361,95.47803030303032,73.61136363636365
2,73,87.84848484848484,35.45454545454527,141.8787878787879,35.6060606060606,14.501010101010074,129.4164983164984,93.23594276094275,70.61372053872051
2,74,87.96969696969697,15.090909090908951,143.5757575757576,35.12121212121212,11.620202020201997,136.89663299663306,90.9938552188552,67.61607744107741
2,75,88.0,9.363636363636358,139.18181818181813,35.36363636363637,10.954545454545455,138.81818181818184,90.18939393939394,66.74999999999999
2,76,88.0,8.51515151515151,132.75757575757572,35.84848484848485,11.027272727272727,138.8868686868687,89.86414141414141,66.59444444444443
2,77,88.0,7.6666666666666625,126.3333333333333,36.333333333333336,11.100000000000001,138.95555555555558,89.53888888888889,66.43888888888888
2,78,88.0,6.818181818181815,119.90909090909088,36.81818181818182,11.172727272727274,139.02424242424243,89.21363636363637,66.28333333333333
2,79,88.0,5.969696969696967,113.48484848484847,37.303030303030305,11.245454545454546,139.0929292929293,88.88838383838385,66.12777777777777
2,80,88.0,5.121212121212119,107.06060606060605,37.78787878787879,11.318181818181818,139.16161616161617,88.56313131313131,65.97222222222221
2,81,88.0,4.272727272727272,100.63636363636363,38.27272727272727,11.39090909090909,139.23030303030305,88.23787878787878,65.81666666666666
2,82,88.0,3.424242424242424,94.21212121212122,38.75757575757576,11.463636363636363,139.2989898989899,87.91262626262626,65.66111111111111
2,83,84.36363636363637,12.515151515151507,86.6969696969697,37.54545454545455,16.409090909090907,132.969696969697,88.77525252525253,67.32575757575756
2,84,77.0909090909091,31.54545454545452,78.09090909090911,34.63636363636364,26.227272727272712,120.24242424242428,90.82575757575758,70.81060606060605
2,85,69.81818181818184,50.575757575757535,69.4848484848485,31.727272727272734,36.045454545454525,107.51515151515156,92.87626262626262,74.29545454545453
2,86,62.54545454545457,69.60606060606055,60.878787878787904,28.818181818181827,45.86363636363633,94.78787878787884,94.92676767676767,77.78030303030302
2,87,55.2727272727273,88.63636363636355,52.27272727272731,25.90909090909092,55.681818181818144,82.06060606060612,96.97727272727272,81.2651515151515
2,88,47.99999999999993,107.66666666666686,43.666666666666586,22.99999999999997,65.5000000000001,69.33333333333321,99.0277777777778,84.75000000000003
2,89,40.72727272727266,126.69696969696986,35.060606060605984,20.090909090909065,75.3181818181819,56.60606060606051,101.07828282828285,88.23484848484851
2,90,33.454545454545396,145.7272727272729,26.454545454545382,17.18181818181816,85.13636363636371,43.87878787878779,103.1287878787879,91.719696969697
2,91,28.24242424242425,155.30303030303017,20.424242424242436,14.545454545454533,89.89393939393932,35.23232323232326,104.91919191919193,94.41414141414141
2,92,29.212121212121218,136.5151515151514,22.12121212121213,12.727272727272716,79.46969696969691,38.82828282828285,105.92929292929294,94.73737373737373
2,93,30.181818181818187,117.72727272727263,23.818181818181827,10.9090909090909,69.04545454545449,42.42424242424244,106.93939393939395,95.06060606060606
2,94,31.151515151515156,98.93939393939385,25.515151515151523,9.090909090909083,58.621212121212075,46.020202020202035,107.94949494949496,95.38383838383838
2,95,32.121212121212125,80.15151515151508,27.212121212121218,7.272727272727266,48.19696969696966,49.616161616161634,108.95959595959596,95.7070707070707
2,96,33.09090909090909,61.36363636363632,28.909090909090914,5.45454545454545,37.772727272727245,53.21212121212122,109.96969696969697,96.03030303030303
2,97,34.06060606060606,42.575757575757535,30.60606060606061,3.636363636363633,27.34848484848483,56.80808080808082,110.97979797979798,96.35353535353535
2,98,35.03030303030303,23.787878787878782,32.303030303030305,1.8181818181818166,16.924242424242408,60.40404040404041,111.98989898989899,96.67676767676768
2,99,36.0,5.0,34.0,0.0,6.5,64.0,113.0,97.0
3,0,255.0,178.0,255.0,255.0,52.33805907172996,118.50535864978903,135.8192123769339,105.54831223628692
3,1,255.0,178.0,255.0,252.33333333333334,51.23674023992288,117.90997189317262,139.56822381245527,109.28492446440005
3,2,255.0,178.0,255.0,249.66666666666666,50.1354214081158,117.3145851365562,143.31723524797667,113.02153669251318
3,3,255.0,178.0,255.0,247.0,49.034102576308726,116.7191983799398,147.06624668349804,116.75814892062631
3,4,255.0,178.0,255.0,244.33333333333334,47.93278374450165,116.12381162332338,150.81525811901943,120.49476114873946
3,5,255.0,178.0,255.0,241.66666666666666,46.83146491269457,115.52842486670697,154.5642695545408,124.23137337685259
3,6,255.0,178.0,255.0,239.0,45.730146080887494,114.93303811009055,158.3132809900622,127.96798560496572
3,7,255.0,178.0,255.0,236.33333333333334,44.628827249080416,114.33765135347414,162.06229242558356,131.70459783307885
3,8,255.0,178.0,255.0,233.66666666666666,43.52750841727334,113.74226459685772,165.81130386110493,135.44121006119198
3,9,251.72727272727272,178.0,245.9090909090909,227.1818181818182,48.64011988346651,108.70434880160931,170.86011678537696,140.23108205540026
3,10,247.36363636363637,178.0,233.78787878787878,219.42424242424244,55.82404144899312,102.18558999348355,176.34219687256584,145.37204063830694
3,11,243.0,178.0,221.66666666666666,211.66666666666666,63.007963014519724,95.66683118535778,181.82427695975474,150.51299922121362
3,12,238.63636363636363,178.0,209.54545454545453,203.9090909090909,70.19188458004632,89.14807237723201,187.30635704694362,155.6539578041203
3,13,234.27272727272728,178.0,197.42424242424244,196.15151515151516,77.37580614557291,82.62931356910626,192.7884371341325,160.79491638702694
3,14,229.9090909090909,178.0,185.3030303030303,188.39393939393938,84.55972771109953,76.11055476098049,198.27051722132137,165.93587496993362
3,15,225.54545454545453,178.0,173.18181818181816,180.63636363636363,91.74364927662612,69.59179595285472,203.75259730851027,171.0768335528403
3,16,221.1818181818182,178.0,161.06060606060606,172.87878787878788,98.92757084215272,63.073037144728964,209.23467739569915,176.21779213574698
3,17,221.1818181818182,178.06060606060606,161.06060606060606,173.06060606060606,101.35200359606876,60.22947201344705,208.77993496620257,176.1840594296023
3,18,225.54545454545453,178.1818181818182,173.18181818181816,181.18181818181816,99.01694753837423,61.06110055900897,202.38837002002052,170.97563543440634
3,19,229.9090909090909,178.3030303030303,185.3030303030303,189.3030303030303,96.6818914806797,61.8927291045709,195.99680507383843,165.76721143921037
3,20,234.27272727272728,178.42424242424244,197.42424242424244,197.42424242424244,94.34683542298517,62.724357650132816,189.60524012765637,160.5587874440144
3,21,238.63636363636363,178.54545454545453,209.54545454545453,205.54545454545453,92.01177936529064,63.555986195694736,183.21367518147434,155.35036344881843
3,22,243.0,178.66666666666666,221.66666666666669,213.66666666666669,89.6767233075961,64.38761474125667,176.82211023529226,150.14193945362246
3,23,247.36363636363637,178.78787878787878,233.7878787878788,221.7878787878788,87.34166724990159,65.21924328681858,170.4305452891102,144.93351545842648
3,24,251.72727272727275,178.9090909090909,245.90909090909093,229.9090909090909,85.00661119220706,66.05087183238051,164.03898034292814,139.7250914632305
3,25,254.15151515151516,178.96969696969697,254.5151515151515,233.1818181818182,82.96148768796508,66.6409316455214,159.09156289213175,135.75377169599852
3,26,250.75757575757575,178.84848484848484,252.57575757575756,221.90909090909093,81.7861618440807,66.50628526139921,158.47658792749232,135.49376461265842
3,27,247.36363636363635,178.72727272727272,250.63636363636363,210.63636363636363,80.61083600019631,66.37163887727702,157.8616129628529,135.23375752931832
3,28,243.96969696969697,178.6060606060606,248.6969696969697,199.36363636363635,79.43551015631193,66.23699249315484,157.24663799821343,134.97375044597825
3,29,240.57575757575756,178.4848484848485,246.75757575757575,188.0909090909091,78.26018431242755,66.10234610903265,156.631663033574,134.71374336263816
3,30,237.1818181818182,178.36363636363637,244.8181818181818,176.81818181818178,77.08485846854317,65.96769972491047,156.01668806893457,134.45373627929808
3,31,233.78787878787878,178.24242424242425,242.87878787878788,165.54545454545453,75.90953262465881,65.83305334078828,155.40171310429514,134.19372919595799
3,32,230.39393939393938,178.12121212121212,240.93939393939394,154.27272727272725,74.73420678077443,65.6984069566661,154.78673813965568,133.93372211261791
3,33,227.0,178.0,239.0,143.0,73.55888093689005,65.56376057254391,154.17176317501625,133.67371502927782
3,34,220.45454545454547,178.0,224.5757575757576,139.12121212121212,76.82583897147576,61.65798908900324,156.88989541642843,136.84373610317007
3,35,213.90909090909093,178.0,210.15151515151518,135.24242424242425,80.09279700606147,57.75221760546257,159.60802765784058,140.0137571770623
3,36,207.36363636363637,178.0,195.72727272727275,131.36363636363637,83.3597550406472,53.84644612192189,162.32615989925276,143.18377825095456
3,37,200.81818181818178,178.0,181.30303030303025,127.48484848484847,86.62671307523294,49.940674638381196,165.04429214066494,146.35379932484682
3,38,194.27272727272725,178.0,166.87878787878782,123.6060606060606,89.89367110981865,46.03490315484052,167.7624243820771,149.52382039873908
3,39,187.72727272727272,178.0,152.45454545454544,119.72727272727272,93.16062914440437,42.129131671299845,170.4805566234893,152.69384147263133
3,40,181.1818181818182,178.0,138.030303030303,115.84848484848484,96.42758717899008,38.22336018775918,173.19868886490144,155.86386254652356
3,41,174.63636363636363,178.0,123.60606060606061,111.96969696969697,99.6945452135758,34.31758870421851,175.91682110631362,159.03388362041582
3,42,171.1818181818182,177.9090909090909,115.36363636363637,112.0,101.44433990882855,33.49864103699331,176.85304137150726,159.89274235865145
3,43,168.75757575757575,177.78787878787878,109.18181818181819,113.33333333333333,102.6884134909703,33.70863464187328,177.19529097796143,159.98121365166818
3,44,166.33333333333331,177.66666666666666,102.99999999999997,114.66666666666667,103.93248707311209,33.91862824675325,177.53754058441558,160.06968494468495
3,45,163.9090909090909,177.54545454545453,96.81818181818178,116.0,105.17656065525384,34.12862185163322,177.87979019086973,160.1581562377017
3,46,161.48484848484847,177.42424242424244,90.63636363636363,117.33333333333334,106.4206342373956,34.33861545651319,178.2220397973239,160.24662753071843
3,47,159.06060606060606,177.3030303030303,84.45454545454544,118.66666666666667,107.66470781953737,34.54860906139315,178.56428940377805,160.3350988237352
3,48,156.63636363636363,177.1818181818182,78.27272727272727,120.0,108.90878140167914,34.75860266627312,178.9065390102322,160.42357011675193
3,49,154.21212121212122,177.06060606060606,72.0909090909091,121.33333333333333,110.15285498382089,34.96859627115309,179.24878861668634,160.51204140976867
3,50,151.96969696969697,177.0,72.33333333333333,118.60606060606061,108.99921290830382,34.690705758887574,178.2429489702217,159.83930211202937
3,51,149.9090909090909,177.0,78.99999999999999,111.81818181818183,105.4478551751279,33.92493112947658,175.88902007083826,158.40535222353404
3,52,147.84848484848484,177.0,85.66666666666666,105.03030303030305,101.896497441952,33.15915650006559,173.5350911714548,156.9714023350387
3,53,145.78787878787878,177.0,92.33333333333336,98.24242424242422,98.34513970877606,32.39338187065459,171.18116227207136,155.53745244654334
3,54,143.72727272727272,177.0,99.00000000000003,91.45454545454544,94.79378197560015,31.627607241243602,168.8272333726879,154.103502558048
3,55,141.66666666666666,177.0,105.66666666666669,84.66666666666666,91.24242424242424,30.86183261183261,166.47330447330447,152.66955266955267
3,56,139.6060606060606,177.0,112.33333333333334,77.87878787878788,87.69106650924833,30.096057982421616,164.11937557392102,151.23560278105734
3,57,137.54545454545453,177.0,119.0,71.0909090909091,84.13970877607241,29.330283353010625,161.76544667453757,149.80165289256198
3,58,136.03030303030303,177.0,123.66666666666667,66.3030303030303,80.98154160654161,29.169071669071666,159.86237373737373,148.4933261183261
3,59,136.15151515151516,177.0,122.33333333333333,67.51515151515152,79.00294612794613,30.821548821548816,159.31186868686868,147.56186868686868
3,60,136.27272727272728,177.0,121.0,68.72727272727273,77.02435064935064,32.47402597402598,158.76136363636363,146.63041125541125
3,61,136.3939393939394,177.0,119.66666666666666,69.93939393939394,75.04575517075516,34.12650312650313,158.21085858585857,145.69895382395381
3,62,136.5151515151515,177.0,118.33333333333333,71.15151515151516,73.06715969215969,35.778980278980285,157.66035353535355,144.76749639249638
3,63,136.63636363636363,177.0,117.0,72.36363636363637,71.08856421356421,37.43145743145743,157.1098484848485,143.83603896103895
3,64,136.75757575757575,177.0,115.66666666666666,73.57575757575758,69.10996873496873,39.083934583934585,156.55934343434345,142.90458152958152
3,65,136.87878787878788,177.0,114.33333333333333,74.78787878787878,67.13137325637325,40.73641173641174,156.0088383838384,141.9731240981241
3,66,137.0,177.0,113.0,76.0,65.15277777777777,42.388888888888886,155.45833333333334,141.04166666666666
3,67,127.18181818181819,159.66666666666669,103.90909090909092,72.60606060606061,72.40294612794611,40.16801346801347,157.76641414141415,143.4689393939394
3,68,117.36363636363637,142.33333333333337,94.81818181818184,69.21212121212122,79.65311447811446,37.94713804713805,160.07449494949495,145.8962121212121
3,69,107.54545454545458,125.00000000000004,85.72727272727275,65.81818181818183,86.90328282828281,35.72626262626263,162.38257575757575,148.32348484848484
3,70,97.72727272727276,107.66666666666673,76.63636363636367,62.424242424242436,94.15345117845115,33.50538720538721,164.69065656565655,150.75075757575758
3,71,87.90909090909095,90.33333333333341,67.54545454545459,59.030303030303045,101.40361952861949,31.284511784511793,166.99873737373736,153.17803030303028
3,72,78.09090909090915,73.00000000000009,58.4545454545455,55.636363636363654,108.65378787878784,29.063636363636377,169.3068181818182,155.60530303030302
3,73,68.2727272727272,55.666666666666515,49.36363636363629,52.242424242424214,115.90395622895629,26.842760942760926,171.61489898989902,158.03257575757578
3,74,58.45454545454538,38.3333333333332,40.27272727272721,48.84848484848482,123.15412457912464,24.621885521885506,173.92297979797982,160.4598484848485
3,75,55.09090909090908,47.000000000000114,35.999999999999986,46.54545454545453,123.81060606060605,23.462121212121207,172.4242424242424,159.52272727272725
3,76,53.878787878787875,64.33333333333343,33.333333333333314,44.606060606060595,122.26919191919191,22.656060606060603,169.65656565656565,157.4641414141414
3,77,52.66666666666666,81.66666666666674,30.666666666666654,42.66666666666666,120.72777777777777,21.849999999999994,166.88888888888889,155.40555555555554
3,78,51.45454545454545,99.00000000000007,27.99999999999999,40.72727272727272,119.18636363636364,21.04393939393939,164.1212121212121,153.3469696969697
3,79,50.242424242424235,116.33333333333339,25.333333333333325,38.78787878787878,117.64494949494949,20.237878787878785,161.35353535353534,151.28838383838382
3,80,49.03030303030303,133.66666666666669,22.66666666666666,36.848484848484844,116.10353535353535,19.43181818181818,158.58585858585857,149.22979797979798
3,81,47.81818181818181,151.00000000000003,19.999999999999996,34.90909090909091,114.56212121212121,18.625757575757575,155.8181818181818,147.17121212121214
3,82,46.60606060606061,168.33333333333334,17.333333333333332,32.96969696969697,113.02070707070708,17.81969696969697,153.05050505050505,145.11262626262626
3,83,45.151515151515156,169.24242424242425,15.515151515151516,31.515151515151516,113.70959595959596,17.36111111111111,152.68686868686868,145.02777777777777
3,84,43.45454545454545,153.72727272727275,14.545454545454547,30.545454545454547,116.62878787878788,17.25,154.72727272727272,146.91666666666666
3,85,41.757575757575765,138.21212121212125,13.575757575757578,29.575757575757578,119.54797979797979,17.13888888888889,156.76767676767676,148.80555555555554
3,86,40.06060606060606,122.69696969696975,12.606060606060609,28.60606060606061,122.46717171717171,17.02777777777778,158.8080808080808,150.69444444444443
3,87,38.363636363636374,107.18181818181824,11.63636363636364,27.63636363636364,125.38636363636363,16.916666666666668,160.84848484848484,152.58333333333331
3,88,36.66666666666665,91.66666666666652,10.666666666666657,26.666666666666657,128.3055555555556,16.805555555555554,162.8888888888889,154.47222222222223
3,89,34.969696969696955,76.15151515151501,9.696969696969688,25.69696969696969,131.22474747474752,16.694444444444443,164.92929292929296,156.36111111111111
3,90,33.27272727272726,60.63636363636351,8.72727272727272,24.72727272727272,134.14393939393943,16.583333333333332,166.969696969697,158.25
3,91,31.606060606060595,48.69696969696969,8.030303030303031,23.606060606060595,136.489898989899,16.53030303030303,168.43939393939394,159.6010101010101
3,92,30.03030303030302,47.48484848484848,8.151515151515152,22.03030303030302,137.11616161616163,16.651515151515152,168.1969696969697,159.33838383838383
3,93,28.454545454545446,46.272727272727266,8.272727272727273,20.454545454545446,137.74242424242425,16.772727272727273,167.95454545454544,159.07575757575756
3,94,26.878787878787872,45.060606060606055,8.393939393939394,18.878787878787872,138.36868686868686,16.893939393939394,167.71212121212122,158.8131313131313
3,95,25.303030303030297,43.848484848484844,8.515151515151516,17.303030303030297,138.9949494949495,17.015151515151516,167.46969696969697,158.55050505050505
3,96,23.727272727272723,42.63636363636363,8.636363636363637,15.727272727272723,139.62121212121212,17.136363636363637,167.22727272727272,158.28787878787878
3,97,22.15151515151515,41.42424242424242,8.757575757575758,14.151515151515149,140.24747474747474,17.257575757575758,166.9848484848485,158.0252525252525
3,98,20.575757575757574,40.21212121212121,8.878787878787879,12.575757575757574,140.87373737373738,17.37878787878788,166.74242424242425,157.76262626262627
3,99,19.0,39.0,9.0,11.0,141.5,17.5,166.5,157.5
