0,0,211.0,165.0,150.0,151.0,112.00302390998594,63.23304500703235,204.97425457102673,167.94994374120955
0,1,204.33333333333334,165.0,147.0909090909091,140.0909090909091,112.4254289410709,61.739206861801804,208.55389497703243,171.5593852270344
0,2,197.66666666666666,165.0,144.1818181818182,129.1818181818182,112.84783397215585,60.24536871657125,212.1335353830381,175.16882671285924
0,3,191.0,165.0,141.27272727272728,118.27272727272728,113.27023900324082,58.7515305713407,215.7131757890438,178.77826819868412
0,4,184.33333333333334,165.0,138.36363636363637,107.36363636363636,113.69264403432578,57.25769242611015,219.29281619504948,182.38770968450896
0,5,177.66666666666666,165.0,135.45454545454544,96.45454545454545,114.11504906541073,55.7638542808796,222.87245660105515,185.9971511703338
0,6,171.0,165.0,132.54545454545456,85.54545454545455,114.5374540964957,54.270016135649044,226.45209700706084,189.60659265615868
0,7,164.33333333333331,165.0,129.63636363636363,74.63636363636364,114.95985912758064,52.776177990418496,230.03173741306654,193.21603414198353
0,8,157.66666666666666,165.0,126.72727272727272,63.72727272727272,115.3822641586656,51.28233984518794,233.61137781907223,196.82547562780837
0,9,152.27272727272728,165.0,121.9090909090909,60.0,116.34439439955462,49.78894536539224,235.79496059161644,199.59601107036426
0,10,147.3030303030303,165.0,116.45454545454545,58.666666666666664,117.48643304371164,48.295698774074815,237.5131908196735,202.08691116516383
0,11,142.33333333333331,165.0,111.0,57.33333333333333,118.62847168786867,46.80245218275739,239.23142104773055,204.57781125996337
0,12,137.36363636363637,165.0,105.54545454545455,56.0,119.7705103320257,45.30920559143997,240.9496512757876,207.06871135476294
0,13,132.3939393939394,165.0,100.0909090909091,54.66666666666667,120.91254897618272,43.81595900012255,242.66788150384465,209.5596114495625
0,14,127.42424242424242,165.0,94.63636363636363,53.333333333333336,122.05458762033975,42.322712408805124,244.3861117319017,212.05051154436205
0,15,122.45454545454544,165.0,89.18181818181817,52.0,123.19662626449677,40.829465817487694,246.10434195995876,214.54141163916162
0,16,117.48484848484848,165.0,83.72727272727272,50.666666666666664,124.3386649086538,39.33621922617027,247.8225721880158,217.0323117339612
0,17,109.84848484848486,165.0,77.9090909090909,47.09090909090909,120.56515981002802,36.42232721215311,249.0088941777349,220.3458293155281
0,18,99.54545454545456,165.0,71.72727272727273,41.27272727272728,111.87611096861943,32.08778977543619,249.66330792911603,224.4819643838624
0,19,89.24242424242422,165.0,65.54545454545453,35.454545454545446,103.18706212721081,27.753252338719264,250.31772168049716,228.6180994521967
0,20,78.93939393939394,165.0,59.36363636363636,29.636363636363633,94.49801328580222,23.41871490200235,250.9721354318783,232.75423452053099
0,21,68.63636363636364,165.0,53.18181818181819,23.81818181818182,85.80896444439362,19.084177465285435,251.62654918325944,236.8903695888653
0,22,58.33333333333331,165.0,46.999999999999986,17.999999999999986,77.119915602985,14.749640028568507,252.28096293464057,241.02650465719958
0,23,48.03030303030302,165.0,40.818181818181806,12.181818181818173,68.43086676157643,10.415102591851593,252.9353766860217,245.1626397255339
0,24,37.72727272727272,165.0,34.63636363636363,6.36363636363636,59.74181792016783,6.080565155134678,253.58979043740283,249.29877479386818
0,25,29.12121212121212,164.54545454545453,29.12121212121212,1.9696969696969697,52.69069890033033,2.7585930802730756,254.07103107853095,252.43498136594957
0,26,25.60606060606061,162.72727272727272,25.60606060606061,1.8484848484848486,50.553369345206086,2.474317090977393,254.0327523889,252.57140244927223
0,27,22.090909090909086,160.9090909090909,22.090909090909086,1.727272727272727,48.41603979008184,2.190041101681709,253.99447369926907,252.7078235325949
0,28,18.57575757575757,159.0909090909091,18.57575757575757,1.606060606060606,46.27871023495759,1.9057651123860264,253.95619500963812,252.84424461591755
0,29,15.06060606060606,157.27272727272728,15.06060606060606,1.4848484848484849,44.14138067983335,1.6214891230903439,253.91791632000718,252.98066569924023
0,30,11.545454545454536,155.45454545454544,11.545454545454536,1.3636363636363633,42.0040511247091,1.3372131337946602,253.87963763037624,253.1170867825629
0,31,8.030303030303024,153.63636363636363,8.030303030303024,1.2424242424242422,39.866721569584854,1.0529371444989775,253.8413589407453,253.25350786588555
0,32,4.515151515151512,151.8181818181818,4.515151515151512,1.121212121212121,37.729392014460615,0.7686611552032949,253.80308025111435,253.38992894920824
0,33,1.0,150.0,1.0,1.0,35.59206245933637,0.4843851659076122,253.7648015614834,253.5263500325309
0,34,1.121212121212121,150.0,1.0,1.121212121212121,31.786080141032972,0.43198494377739666,253.79331046312177,253.58144733498506
0,35,1.2424242424242422,150.0,1.0,1.2424242424242422,27.98009782272958,0.37958472164718104,253.82181936476016,253.63654463743924
0,36,1.3636363636363633,150.0,1.0,1.3636363636363633,24.174115504426183,0.3271844995169655,253.85032826639852,253.6916419398934
0,37,1.4848484848484853,150.0,1.0,1.4848484848484853,20.368133186122762,0.2747842773867495,253.8788371680369,253.74673924234756
0,38,1.6060606060606064,150.0,1.0,1.6060606060606064,16.562150867819366,0.22238405525653393,253.90734606967527,253.80183654480174
0,39,1.7272727272727275,150.0,1.0,1.7272727272727275,12.75616854951597,0.16998383312631837,253.93585497131366,253.8569338472559
0,40,1.8484848484848486,150.0,1.0,1.8484848484848486,8.950186231212577,0.11758361099610276,253.96436387295202,253.91203114971006
0,41,1.9696969696969697,150.0,1.0,1.9696969696969697,5.14420391290918,0.0651833888658872,253.9928727745904,253.96712845216422
0,42,1.9090909090909092,147.27272727272728,1.0,1.9090909090909092,4.136228354978355,0.054432310114128295,254.00708382526565,253.98500016397742
0,43,1.787878787878788,143.63636363636365,1.0,1.787878787878788,4.060921717171717,0.05756427915518824,254.01652892561984,253.99046334557698
0,44,1.666666666666666,139.99999999999997,1.0,1.666666666666666,3.985615079365079,0.06069624819624821,254.02597402597402,253.99592652717652
0,45,1.545454545454545,136.36363636363635,1.0,1.545454545454545,3.910308441558441,0.06382821723730817,254.0354191263282,254.00138970877606
0,46,1.4242424242424239,132.72727272727272,1.0,1.4242424242424239,3.8350018037518034,0.06696018627836811,254.0448642266824,254.00685289037563
0,47,1.3030303030303028,129.0909090909091,1.0,1.3030303030303028,3.759695165945166,0.07009215531942806,254.0543093270366,254.01231607197516
0,48,1.1818181818181817,125.45454545454545,1.0,1.1818181818181817,3.6843885281385282,0.073224124360488,254.0637544273908,254.0177792535747
0,49,1.0606060606060606,121.81818181818181,1.0,1.0606060606060606,3.6090818903318906,0.07635609340154795,254.07319952774498,254.02324243517424
0,50,0.9393939393939394,112.72727272727273,0.9393939393939394,0.9393939393939394,3.354978354978355,0.0731995277449823,254.07319952774498,254.02439984258166
0,51,0.8181818181818183,98.1818181818182,0.8181818181818183,0.8181818181818183,2.9220779220779227,0.06375442739079104,254.0637544273908,254.02125147579693
0,52,0.6969696969696972,83.63636363636367,0.6969696969696972,0.6969696969696972,2.4891774891774903,0.05430932703659978,254.0543093270366,254.0181031090122
0,53,0.5757575757575752,69.09090909090904,0.5757575757575752,0.5757575757575752,2.0562770562770547,0.044864226682408456,254.0448642266824,254.01495474222747
0,54,0.45454545454545414,54.545454545454504,0.45454545454545414,0.45454545454545414,1.623376623376622,0.035419126328217206,254.0354191263282,254.01180637544275
0,55,0.33333333333333304,39.99999999999997,0.33333333333333304,0.33333333333333304,1.1904761904761894,0.025974025974025948,254.02597402597402,254.00865800865802
0,56,0.21212121212121193,25.45454545454544,0.21212121212121193,0.21212121212121193,0.7575757575757569,0.016528925619834697,254.01652892561984,254.0055096418733
0,57,0.09090909090909083,10.909090909090907,0.09090909090909083,0.09090909090909083,0.32467532467532445,0.00708382526564344,254.00708382526565,254.00236127508856
0,58,0.0,0.0,0.0,0.0,0.0,0.0,254.0,254.0
0,59,0.0,0.0,0.0,0.0,0.0,0.0,254.0,254.0
0,60,0.0,0.0,0.0,0.0,0.0,0.0,254.0,254.0
0,61,0.0,0.0,0.0,0.0,0.0,0.0,254.0,254.0
0,62,0.0,0.0,0.0,0.0,0.0,0.0,254.0,254.0
0,63,0.0,0.0,0.0,0.0,0.0,0.0,254.0,254.0
0,64,0.0,0.0,0.0,0.0,0.0,0.0,254.0,254.0
0,65,0.0,0.0,0.0,0.0,0.0,0.0,254.0,254.0
0,66,0.0,0.0,0.0,0.0,0.0,0.0,254.0,254.0
0,67,0.0,0.0,0.0,0.0,0.0,0.0,254.0,254.0
0,68,0.0,0.0,0.0,0.0,0.0,0.0,254.0,254.0
0,69,0.0,0.0,0.0,0.0,0.0,0.0,254.0,254.0
0,70,0.0,0.0,0.0,0.0,0.0,0.0,254.0,254.0
0,71,0.0,0.0,0.0,0.0,0.0,0.0,254.0,254.0
0,72,0.0,0.0,0.0,0.0,0.0,0.0,254.0,254.0
0,73,0.0,0.0,0.0,0.0,0.0,0.0,254.0,254.0
0,74,0.0,0.0,0.0,0.0,0.0,0.0,254.0,254.0
0,75,0.0,0.0,0.0,0.0,0.0,0.0,254.0,254.0
0,76,0.0,0.0,0.0,0.0,0.0,0.0,254.0,254.0
0,77,0.0,0.0,0.0,0.0,0.0,0.0,254.0,254.0
0,78,0.0,0.0,0.0,0.0,0.0,0.0,254.0,254.0
0,79,0.0,0.0,0.0,0.0,0.0,0.0,254.0,254.0
0,80,0.0,0.0,0.0,0.0,0.0,0.0,254.0,254.0
0,81,0.0,0.0,0.0,0.0,0.0,0.0,254.0,254.0
0,82,0.0,0.0,0.0,0.0,0.0,0.0,254.0,254.0
0,83,0.0,0.0,0.0,0.0,0.0,0.0,254.0,254.0
0,84,0.0,0.0,0.0,0.0,0.0,0.0,254.0,254.0
0,85,0.0,0.0,0.0,0.0,0.0,0.0,254.0,254.0
0,86,0.0,0.0,0.0,0.0,0.0,0.0,254.0,254.0
0,87,0.0,0.0,0.0,0.0,0.0,0.0,254.0,254.0
0,88,0.0,0.0,0.0,0.0,0.0,0.0,254.0,254.0
0,89,0.0,0.0,0.0,0.0,0.0,0.0,254.0,254.0
0,90,0.0,0.0,0.0,0.0,0.0,0.0,254.0,254.0
0,91,0.0,0.0,0.0,0.0,0.0,0.0,254.0,254.0
0,92,0.0,0.0,0.0,0.0,0.0,0.0,254.0,254.0
0,93,0.0,0.0,0.0,0.0,0.0,0.0,254.0,254.0
0,94,0.0,0.0,0.0,0.0,0.0,0.0,254.0,254.0
0,95,0.0,0.0,0.0,0.0,0.0,0.0,254.0,254.0
0,96,0.0,0.0,0.0,0.0,0.0,0.0,254.0,254.0
0,97,0.0,0.0,0.0,0.0,0.0,0.0,254.0,254.0
0,98,0.0,0.0,0.0,0.0,0.0,0.0,254.0,254.0
0,99,0.0,0.0,0.0,0.0,0.0,0.0,254.0,254.0
1,0,254.0,170.0,253.0,192.0,118.3587693389592,103.01263009845289,160.54686357243318,111.64914205344586
1,1,249.75757575757575,151.57575757575756,239.3030303030303,188.72727272727272,117.98170701278296,102.81143234919004,163.8655821209528,113.86987149616445
1,2,245.5151515151515,133.15151515151516,225.6060606060606,185.45454545454547,117.6046446866067,102.61023459992718,167.18430066947246,116.09060093888304
1,3,241.27272727272728,114.72727272727272,211.9090909090909,182.1818181818182,117.22758236043046,102.40903685066434,170.5030192179921,118.31133038160164
1,4,237.03030303030303,96.3030303030303,198.21212121212122,178.9090909090909,116.8505200342542,102.20783910140149,173.82173776651172,120.53205982432023
1,5,232.78787878787878,77.87878787878788,184.5151515151515,175.63636363636363,116.47345770807796,102.00664135213864,177.14045631503134,122.75278926703882
1,6,228.54545454545453,59.45454545454545,170.8181818181818,172.36363636363637,116.09639538190171,101.80544360287578,180.459174863551,124.9735187097574
1,7,224.3030303030303,41.03030303030303,157.12121212121212,169.0909090909091,115.71933305572546,101.60424585361294,183.77789341207063,127.19424815247599
1,8,220.06060606060606,22.606060606060595,143.42424242424244,165.8181818181818,115.34227072954921,101.40304810435009,187.09661196059025,129.41497759519459
1,9,213.45454545454547,18.727272727272727,135.9090909090909,156.54545454545456,115.55767135539666,98.95391621616376,190.86917538383952,133.34540015009762
1,10,206.06060606060606,19.696969696969695,130.45454545454544,145.27272727272728,115.97055963191869,95.75547294833626,194.79302043199866,137.8457204090621
1,11,198.66666666666666,20.666666666666668,125.0,134.0,116.38344790844071,92.55702968050876,198.71686548015782,142.3460406680266
1,12,191.27272727272728,21.636363636363637,119.54545454545455,122.72727272727272,116.79633618496273,89.35858641268126,202.64071052831696,146.84636092699108
1,13,183.87878787878788,22.606060606060606,114.0909090909091,111.45454545454547,117.20922446148475,86.16014314485378,206.5645555764761,151.3466811859556
1,14,176.4848484848485,23.575757575757578,108.63636363636363,100.18181818181817,117.62211273800678,82.96169987702628,210.48840062463523,155.84700144492007
1,15,169.09090909090907,24.545454545454547,103.18181818181817,88.90909090909089,118.0350010145288,79.76325660919878,214.4122456727944,160.34732170388457
1,16,161.6969696969697,25.515151515151516,97.72727272727272,77.63636363636363,118.44788929105083,76.56481334137128,218.33609072095354,164.84764196284905
1,17,153.45454545454547,34.424242424242415,93.12121212121212,69.21212121212122,119.45179901811449,72.83271289877558,222.11146091956707,170.2682921843575
1,18,144.36363636363637,51.27272727272725,89.36363636363637,63.63636363636364,121.0467301957198,68.56695528141167,225.738356268635,176.60927236840988
1,19,135.27272727272725,68.12121212121215,85.6060606060606,58.06060606060605,122.64166137332514,64.30119766404775,229.36525161770294,182.95025255246227
1,20,126.18181818181817,84.96969696969697,81.84848484848484,52.484848484848484,124.23659255093044,60.03544004668384,232.99214696677086,189.29123273651464
1,21,117.0909090909091,101.81818181818181,78.0909090909091,46.90909090909091,125.83152372853576,55.76968242931993,236.6190423158388,195.63221292056704
1,22,107.99999999999997,118.66666666666671,74.33333333333333,41.33333333333332,127.42645490614109,51.503924811956004,240.24593766490673,201.97319310461944
1,23,98.90909090909089,135.51515151515156,70.57575757575756,35.75757575757575,129.0213860837464,47.238167194592094,243.87283301397468,208.3141732886718
1,24,89.81818181818181,152.36363636363637,66.81818181818181,30.18181818181818,130.61631726135172,42.97240957722819,247.4997283630426,214.65515347272418
1,25,83.45454545454545,160.15151515151516,62.696969696969695,26.333333333333332,131.49174443449118,40.63673282579349,249.27630676533005,217.85227313009977
1,26,85.27272727272727,140.75757575757578,57.48484848484849,27.666666666666664,130.20865959423315,44.091298672146394,245.50193432727602,211.617811207445
1,27,87.0909090909091,121.36363636363633,52.272727272727266,29.000000000000004,128.9255747539751,47.545864518499314,241.727561889222,205.38334928479017
1,28,88.9090909090909,101.96969696969695,47.060606060606055,30.333333333333336,127.64248991371704,51.00043036485222,237.953189451168,199.14888736213538
1,29,90.72727272727272,82.57575757575758,41.848484848484844,31.666666666666664,126.359405073459,54.454996211205135,234.17881701311396,192.9144254394806
1,30,92.54545454545455,63.18181818181813,36.636363636363626,33.0,125.07632023320095,57.909562057558055,230.40444457505993,186.67996351682578
1,31,94.36363636363637,43.78787878787875,31.424242424242415,34.333333333333336,123.7932353929429,61.36412790391097,226.6300721370059,180.445501594171
1,32,96.18181818181819,24.393939393939377,26.212121212121204,35.66666666666667,122.51015055268485,64.81869375026388,222.8556996989519,174.2110396715162
1,33,98.0,5.0,21.0,37.0,121.2270657124268,68.27325959661678,219.08132726089787,167.97657774886142
1,34,96.54545454545455,4.757575757575758,20.393939393939394,35.303030303030305,121.03529596277238,68.94436701924909,217.81420931008196,166.50466933485802
1,35,95.0909090909091,4.515151515151516,19.78787878787879,33.60606060606061,120.84352621311795,69.6154744418814,216.54709135926606,165.0327609208546
1,36,93.63636363636364,4.272727272727273,19.181818181818183,31.909090909090914,120.65175646346353,70.2865818645137,215.27997340845016,163.5608525068512
1,37,92.18181818181817,4.030303030303029,18.575757575757574,30.212121212121204,120.45998671380909,70.95768928714602,214.01285545763423,162.0889440928478
1,38,90.72727272727272,3.787878787878787,17.96969696969697,28.51515151515151,120.26821696415466,71.62879670977833,212.74573750681833,160.6170356788444
1,39,89.27272727272727,3.545454545454545,17.363636363636363,26.818181818181813,120.07644721450023,72.29990413241063,211.47861955600243,159.145127264841
1,40,87.81818181818181,3.3030303030303028,16.757575757575758,25.121212121212118,119.88467746484581,72.97101155504295,210.21150160518653,157.6732188508376
1,41,86.36363636363636,3.0606060606060606,16.151515151515152,23.424242424242422,119.69290771519138,73.64211897767525,208.94438365437063,156.2013104368342
1,42,85.27272727272728,3.0,15.545454545454547,22.636363636363637,119.75221164567755,73.1473275777253,210.10557482290437,157.42384887839435
1,43,84.30303030303031,3.0,14.939393939393941,22.151515151515152,119.89520680287725,72.2639032369146,212.07620236455463,159.544536271809
1,44,83.33333333333333,3.0,14.33333333333333,21.666666666666664,120.03820196007696,71.3804788961039,214.04682990620492,161.6652236652237
1,45,82.36363636363636,3.0,13.727272727272725,21.18181818181818,120.18119711727665,70.49705455529319,216.01745744785518,163.78591105863833
1,46,81.39393939393939,3.0,13.12121212121212,20.696969696969695,120.32419227447636,69.61363021448248,217.98808498950544,165.906598452053
1,47,80.42424242424242,3.0,12.515151515151514,20.21212121212121,120.46718743167607,68.73020587367178,219.95871253115573,168.02728584546767
1,48,79.45454545454545,3.0,11.909090909090908,19.727272727272727,120.61018258887577,67.84678153286109,221.92934007280599,170.14797323888234
1,49,78.48484848484848,3.0,11.303030303030303,19.242424242424242,120.75317774607548,66.96335719205038,223.89996761445624,172.268660632297
1,50,77.27272727272728,2.9393939393939394,10.696969696969697,18.333333333333336,120.88508461235735,66.31362324544143,225.30529319165683,173.8530762167126
1,51,75.81818181818181,2.8181818181818183,10.090909090909092,17.0,121.00590318772137,65.89757969303425,226.1453168044077,174.90121999212909
1,52,74.36363636363637,2.6969696969696972,9.484848484848486,15.66666666666667,121.1267217630854,65.48153614062706,226.9853404171586,175.94936376754558
1,53,72.9090909090909,2.5757575757575752,8.878787878787875,14.333333333333329,121.24754033844943,65.06549258821987,227.8253640299095,176.9975075429621
1,54,71.45454545454545,2.454545454545454,8.27272727272727,12.999999999999996,121.36835891381345,64.64944903581268,228.6653876426604,178.0456513183786
1,55,70.0,2.333333333333333,7.666666666666665,11.666666666666664,121.4891774891775,64.23340548340549,229.50541125541127,179.0937950937951
1,56,68.54545454545455,2.212121212121212,7.06060606060606,10.333333333333332,121.60999606454152,63.817361930998295,230.34543486816216,180.1419388692116
1,57,67.0909090909091,2.090909090909091,6.454545454545454,9.0,121.73081463990555,63.40131837859111,231.18545848091304,181.1900826446281
1,58,66.03030303030303,1.9696969696969697,5.96969696969697,8.030303030303031,121.80116642616642,63.194324194324196,231.6060004810005,181.7147065897066
1,59,66.15151515151516,1.8484848484848486,5.848484848484849,8.151515151515152,121.72011784511784,63.61447811447812,230.76809764309766,180.66877104377105
1,60,66.27272727272728,1.7272727272727266,5.727272727272727,8.272727272727273,121.63906926406926,64.03463203463204,229.93019480519482,179.6228354978355
1,61,66.39393939393939,1.6060606060606055,5.6060606060606055,8.393939393939394,121.55802068302067,64.45478595478596,229.09229196729197,178.57689995189995
1,62,66.51515151515152,1.4848484848484844,5.484848484848484,8.515151515151516,121.4769721019721,64.87493987493988,228.25438912938912,177.5309644059644
1,63,66.63636363636364,1.3636363636363633,5.363636363636363,8.636363636363637,121.39592352092352,65.29509379509379,227.41648629148628,176.48502886002888
1,64,66.75757575757575,1.2424242424242422,5.242424242424242,8.757575757575758,121.31487493987494,65.71524771524771,226.57858345358346,175.43909331409333
1,65,66.87878787878788,1.121212121212121,5.121212121212121,8.878787878787879,121.23382635882635,66.13540163540164,225.74068061568062,174.39315776815778
1,66,67.0,1.0,5.0,9.0,121.15277777777777,66.55555555555556,224.90277777777777,173.34722222222223
1,67,66.51515151515152,1.0,4.757575757575758,8.393939393939394,121.12617845117845,66.67407407407407,224.5428451178451,172.94957912457912
1,68,66.03030303030303,1.0,4.515151515151516,7.787878787878789,121.09957912457912,66.7925925925926,224.18291245791247,172.55193602693603
1,69,65.54545454545455,1.0,4.272727272727273,7.181818181818183,121.0729797979798,66.91111111111111,223.8229797979798,172.15429292929292
1,70,65.06060606060606,1.0,4.030303030303031,6.575757575757578,121.04638047138047,67.02962962962962,223.46304713804713,171.75664983164984
1,71,64.57575757575758,1.0,3.787878787878789,5.969696969696972,121.01978114478115,67.14814814814815,223.1031144781145,171.35900673400673
1,72,64.0909090909091,1.0,3.5454545454545467,5.363636363636367,120.99318181818182,67.26666666666667,222.74318181818182,170.96136363636364
1,73,63.6060606060606,1.0,3.303030303030301,4.7575757575757525,120.9665824915825,67.38518518518518,222.38324915824916,170.56372053872053
1,74,63.12121212121212,1.0,3.0606060606060588,4.151515151515147,120.93998316498318,67.5037037037037,222.0233164983165,170.16607744107745
1,75,62.90909090909091,1.0,2.9090909090909083,3.9090909090909083,120.95454545454545,67.42424242424242,222.26515151515153,170.4318181818182
1,76,62.78787878787879,1.0,2.787878787878787,3.787878787878787,120.9828282828283,67.27878787878788,222.70757575757577,170.91868686868688
1,77,62.666666666666664,1.0,2.666666666666666,3.666666666666666,121.01111111111112,67.13333333333333,223.15,171.40555555555557
1,78,62.54545454545455,1.0,2.545454545454545,3.545454545454545,121.03939393939395,66.98787878787878,223.59242424242424,171.89242424242425
1,79,62.42424242424242,1.0,2.424242424242424,3.424242424242424,121.06767676767677,66.84242424242424,224.03484848484848,172.37929292929294
1,80,62.303030303030305,1.0,2.3030303030303028,3.3030303030303028,121.0959595959596,66.69696969696969,224.47727272727275,172.86616161616163
1,81,62.18181818181818,1.0,2.1818181818181817,3.1818181818181817,121.12424242424242,66.55151515151515,224.919696969697,173.35303030303032
1,82,62.06060606060606,1.0,2.0606060606060606,3.0606060606060606,121.15252525252525,66.4060606060606,225.36212121212122,173.839898989899
1,83,61.878787878787875,1.0,2.0,2.878787878787879,121.17676767676768,66.31313131313131,225.63888888888889,174.1489898989899
1,84,61.63636363636364,1.0,2.0,2.6363636363636367,121.1969696969697,66.27272727272727,225.75,174.28030303030303
1,85,61.39393939393939,1.0,2.0,2.3939393939393945,121.21717171717172,66.23232323232322,225.86111111111111,174.41161616161617
1,86,61.151515151515156,1.0,2.0,2.1515151515151523,121.23737373737374,66.19191919191918,225.97222222222223,174.5429292929293
1,87,60.90909090909091,1.0,2.0,1.90909090909091,121.25757575757575,66.15151515151516,226.08333333333334,174.67424242424244
1,88,60.666666666666664,1.0,2.0,1.6666666666666643,121.27777777777777,66.11111111111111,226.19444444444446,174.80555555555554
1,89,60.42424242424242,1.0,2.0,1.424242424242422,121.29797979797979,66.07070707070707,226.30555555555557,174.93686868686868
1,90,60.18181818181818,1.0,2.0,1.1818181818181799,121.31818181818181,66.03030303030303,226.41666666666666,175.0681818181818
1,91,60.0,0.9696969696969688,1.9393939393939377,1.0,121.32323232323232,66.03030303030303,226.46969696969697,175.1161616161616
1,92,60.0,0.8484848484848477,1.6969696969696955,1.0,121.28282828282828,66.15151515151516,226.34848484848484,174.9141414141414
1,93,60.0,0.7272727272727266,1.4545454545454533,1.0,121.24242424242424,66.27272727272728,226.22727272727272,174.71212121212122
1,94,60.0,0.6060606060606055,1.212121212121211,1.0,121.2020202020202,66.39393939393939,226.1060606060606,174.510101010101
1,95,60.0,0.4848484848484844,0.9696969696969688,1.0,121.16161616161617,66.51515151515152,225.9848484848485,174.3080808080808
1,96,60.0,0.3636363636363633,0.7272727272727266,1.0,121.12121212121212,66.63636363636364,225.86363636363637,174.1060606060606
1,97,60.0,0.2424242424242422,0.4848484848484844,1.0,121.08080808080808,66.75757575757575,225.74242424242425,173.90404040404042
1,98,60.0,0.1212121212121211,0.2424242424242422,1.0,121.04040404040404,66.87878787878788,225.62121212121212,173.7020202020202
1,99,60.0,0.0,0.0,1.0,121.0,67.0,225.5,173.5
2,0,255.0,178.0,255.0,234.0,112.37992264416314,188.59496483825598,76.89003516174402,37.611772151898734
2,1,252.21212121212122,164.06060606060606,245.9090909090909,226.0,112.61571021069213,179.5792386016979,89.34386187354542,47.564316264081185
2,2,249.42424242424244,150.12121212121212,236.8181818181818,218.0,112.8514977772211,170.56351236513984,101.79768858534682,57.51686037626363
2,3,246.63636363636363,136.1818181818182,227.72727272727272,210.0,113.08728534375008,161.54778612858178,114.25151529714822,67.46940448844609
2,4,243.84848484848484,122.24242424242425,218.63636363636363,202.0,113.32307291027905,152.5320598920237,126.7053420089496,77.42194860062853
2,5,241.06060606060606,108.3030303030303,209.54545454545456,194.0,113.55886047680804,143.51633365546564,139.159168720751,87.37449271281098
2,6,238.27272727272728,94.36363636363636,200.45454545454544,186.0,113.794648043337,134.5006074189076,151.6129954325524,97.32703682499343
2,7,235.4848484848485,80.42424242424242,191.36363636363637,178.0,114.03043560986599,125.48488118234954,164.0668221443538,107.27958093717588
2,8,232.6969696969697,66.48484848484848,182.27272727272725,170.0,114.26622317639496,116.46915494579147,176.5206488561552,117.23212504935832
2,9,225.45454545454547,58.18181818181819,169.72727272727275,160.45454545454547,114.48289374645756,111.55208687498597,181.48015823886828,122.17603331025238
2,10,216.72727272727272,51.75757575757576,156.03030303030303,150.39393939393938,114.6931919843647,108.00123819276466,183.94156184521864,125.45039628738365
2,11,208.0,45.33333333333333,142.33333333333331,140.33333333333331,114.90349022227184,104.45038951054335,186.40296545156897,128.72475926451494
2,12,199.27272727272725,38.90909090909091,128.63636363636363,130.27272727272725,115.11378846017898,100.89954082832205,188.8643690579193,131.9991222416462
2,13,190.54545454545456,32.484848484848484,114.93939393939395,120.21212121212122,115.32408669808612,97.34869214610073,191.32577266426966,135.27348521877747
2,14,181.8181818181818,26.060606060606055,101.24242424242424,110.15151515151516,115.53438493599326,93.79784346387942,193.78717627062,138.54784819590873
2,15,173.09090909090907,19.636363636363626,87.54545454545453,100.09090909090908,115.7446831739004,90.2469947816581,196.24857987697033,141.82221117304002
2,16,164.36363636363637,13.212121212121211,73.84848484848484,90.03030303030303,115.95498141180754,86.69614609943679,198.70998348332066,145.09657415017128
2,17,160.42424242424244,9.93939393939394,70.03030303030303,85.60606060606061,115.96358224737065,87.86212907164183,196.0201476793422,142.77367138528746
2,18,161.27272727272728,9.818181818181818,76.09090909090908,86.81818181818181,115.77048568058973,93.7449436982732,188.1790724650349,134.85350287838858
2,19,162.12121212121212,9.696969696969697,82.15151515151516,88.03030303030303,115.57738911380882,99.6277583249046,180.33799725072757,126.93333437148966
2,20,162.96969696969697,9.575757575757576,88.21212121212122,89.24242424242425,115.3842925470279,105.51057295153598,172.49692203642027,119.01316586459077
2,21,163.8181818181818,9.454545454545455,94.27272727272727,90.45454545454545,115.19119598024697,111.39338757816736,164.65584682211298,111.09299735769189
2,22,164.66666666666666,9.333333333333332,100.33333333333334,91.66666666666667,114.99809941346605,117.27620220479875,156.81477160780565,103.17282885079297
2,23,165.51515151515153,9.212121212121211,106.3939393939394,92.87878787878788,114.80500284668514,123.15901683143014,148.97369639349836,95.25266034389408
2,24,166.36363636363637,9.09090909090909,112.45454545454547,94.0909090909091,114.61190627990422,129.04183145806152,141.13262117919106,87.33249183699519
2,25,167.4848484848485,9.242424242424242,117.72727272727272,95.42424242424242,114.45089908155191,133.53032677550672,135.26757669549033,81.38261474790097
2,26,169.42424242424244,10.212121212121211,120.63636363636363,97.12121212121212,114.38615998848545,133.83586416539336,135.33062440360933,81.34361191222077
2,27,171.36363636363637,11.181818181818183,123.54545454545455,98.81818181818183,114.32142089541897,134.14140155528,135.39367211172836,81.30460907654057
2,28,173.3030303030303,12.151515151515152,126.45454545454545,100.51515151515152,114.2566818023525,134.44693894516664,135.45671981984736,81.26560624086036
2,29,175.24242424242425,13.121212121212121,129.36363636363637,102.21212121212122,114.19194270928604,134.7524763350533,135.51976752796637,81.22660340518016
2,30,177.1818181818182,14.090909090909093,132.27272727272728,103.9090909090909,114.12720361621957,135.05801372493994,135.5828152360854,81.18760056949995
2,31,179.12121212121212,15.060606060606062,135.1818181818182,105.60606060606061,114.0624645231531,135.36355111482658,135.6458629442044,81.14859773381976
2,32,181.06060606060606,16.03030303030303,138.0909090909091,107.30303030303031,113.99772543008663,135.66908850471324,135.70891065232342,81.10959489813955
2,33,183.0,17.0,141.0,109.0,113.93298633702017,135.97462589459988,135.77195836044243,81.07059206245934
2,34,175.0,15.90909090909091,131.3030303030303,100.63636363636364,114.0458019662029,133.53830760434536,139.85967973762786,84.50826861381107
2,35,167.0,14.81818181818182,121.60606060606062,92.27272727272728,114.15861759538565,131.10198931409082,143.9474011148133,87.9459451651628
2,36,159.00000000000003,13.72727272727273,111.90909090909093,83.90909090909093,114.27143322456838,128.6656710238363,148.03512249199872,91.38362171651453
2,37,150.99999999999997,12.636363636363633,102.21212121212118,75.5454545454545,114.38424885375113,126.22935273358175,152.12284386918415,94.82129826786627
2,38,142.99999999999997,11.545454545454543,92.51515151515149,67.18181818181816,114.49706448293387,123.79303444332722,156.21056524636958,98.258974819218
2,39,135.0,10.454545454545453,82.8181818181818,58.8181818181818,114.60988011211661,121.3567161530727,160.29828662355501,101.69665137056973
2,40,127.0,9.363636363636363,73.12121212121211,50.454545454545446,114.72269574129935,118.92039786281816,164.38600800074045,105.13432792192145
2,41,119.0,8.272727272727273,63.42424242424242,42.09090909090909,114.83551137048208,116.48407957256363,168.47372937792588,108.57200447327318
2,42,115.45454545454545,7.818181818181818,61.36363636363636,38.09090909090909,114.8192374229306,116.02744982290437,169.08558597337006,109.12537919782238
2,43,113.39393939393939,7.575757575757576,61.848484848484844,35.54545454545455,114.7599336164677,116.23071625344352,168.53882097490052,108.71731998010408
2,44,111.33333333333333,7.333333333333332,62.333333333333336,32.999999999999986,114.70062981000481,116.43398268398268,167.99205597643098,108.30926076238576
2,45,109.27272727272727,7.09090909090909,62.81818181818182,30.454545454545446,114.6413260035419,116.63724911452184,167.44529097796143,107.90120154466746
2,46,107.2121212121212,6.848484848484848,63.303030303030305,27.9090909090909,114.58202219707901,116.840515545061,166.8985259794919,107.49314232694915
2,47,105.15151515151514,6.6060606060606055,63.78787878787879,25.36363636363636,114.52271839061612,117.04378197560015,166.35176098102235,107.08508310923084
2,48,103.0909090909091,6.363636363636363,64.27272727272728,22.818181818181813,114.46341458415323,117.24704840613931,165.8049959825528,106.67702389151253
2,49,101.03030303030303,6.121212121212121,64.75757575757575,20.272727272727273,114.40411077769033,117.45031483667847,165.25823098408327,106.26896467379423
2,50,100.06060606060606,5.878787878787879,63.42424242424242,19.060606060606062,114.42716122261578,117.46979535615898,164.83028335301063,105.92716122261578
2,51,100.18181818181819,5.636363636363637,60.27272727272728,19.18181818181818,114.53256591892956,117.30548996458087,164.52115308933492,105.65161353797718
2,52,100.3030303030303,5.3939393939393945,57.121212121212125,19.303030303030305,114.63797061524335,117.14118457300275,164.2120228256592,105.37606585333859
2,53,100.42424242424242,5.1515151515151505,53.969696969696955,19.424242424242426,114.74337531155713,116.97687918142464,163.90289256198346,105.10051816869999
2,54,100.54545454545455,4.909090909090908,50.818181818181806,19.545454545454547,114.84878000787091,116.81257378984651,163.59376229830775,104.8249704840614
2,55,100.66666666666667,4.666666666666666,47.66666666666666,19.666666666666668,114.95418470418471,116.6482683982684,163.28463203463204,104.5494227994228
2,56,100.78787878787878,4.424242424242424,44.51515151515151,19.78787878787879,115.0595894004985,116.48396300669027,162.9755017709563,104.2738751147842
2,57,100.9090909090909,4.181818181818182,41.36363636363636,19.90909090909091,115.16499409681228,116.31965761511216,162.6663715072806,103.99832743014562
2,58,101.27272727272727,3.9696969696969697,39.36363636363636,20.303030303030305,115.22949735449735,116.15217652717652,162.628848003848,103.96380471380472
2,59,102.36363636363636,3.8484848484848486,40.81818181818181,21.515151515151516,115.17129629629629,115.97516835016835,163.40614478114477,104.6523569023569
2,60,103.45454545454547,3.7272727272727266,42.27272727272728,22.727272727272734,115.11309523809524,115.79816017316017,164.18344155844156,105.3409090909091
2,61,104.54545454545455,3.6060606060606055,43.727272727272734,23.939393939393945,115.05489417989418,115.621151996152,164.96073833573834,106.02946127946129
2,62,105.63636363636364,3.4848484848484844,45.18181818181819,25.151515151515156,114.99669312169313,115.44414381914382,165.73803511303512,106.71801346801348
2,63,106.72727272727273,3.3636363636363633,46.63636363636364,26.363636363636367,114.93849206349206,115.26713564213564,166.51533189033188,107.40656565656566
2,64,107.81818181818181,3.242424242424242,48.09090909090909,27.575757575757578,114.880291005291,115.09012746512747,167.29262866762866,108.09511784511785
2,65,108.9090909090909,3.121212121212121,49.54545454545455,28.78787878787879,114.82208994708995,114.91311928811929,168.06992544492545,108.78367003367003
2,66,110.0,3.0,51.0,30.0,114.76388888888889,114.73611111111111,168.84722222222223,109.47222222222223
2,67,107.81818181818181,2.878787878787879,48.21212121212122,28.181818181818183,114.74402356902357,114.41254208754209,169.37079124579125,110.00892255892256
2,68,105.63636363636364,2.757575757575758,45.42424242424243,26.363636363636367,114.72415824915825,114.08897306397307,169.89436026936028,110.5456228956229
2,69,103.45454545454547,2.6363636363636367,42.63636363636364,24.54545454545455,114.70429292929292,113.76540404040404,170.4179292929293,111.08232323232323
2,70,101.27272727272728,2.5151515151515156,39.84848484848486,22.727272727272734,114.6844276094276,113.44183501683501,170.94149831649833,111.61902356902357
2,71,99.0909090909091,2.3939393939393945,37.06060606060608,20.909090909090917,114.66456228956228,113.118265993266,171.46506734006732,112.1557239057239
2,72,96.90909090909092,2.2727272727272734,34.27272727272729,19.0909090909091,114.64469696969697,112.79469696969697,171.98863636363635,112.69242424242425
2,73,94.7272727272727,2.1515151515151505,31.484848484848463,17.27272727272726,114.62483164983165,112.47112794612794,172.5122053872054,113.22912457912459
2,74,92.54545454545453,2.0303030303030294,28.696969696969674,15.45454545454544,114.60496632996633,112.14755892255891,173.0357744107744,113.76582491582492
2,75,91.09090909090908,1.9090909090909083,26.27272727272726,13.818181818181808,114.59090909090908,112.75,172.53787878787878,113.16666666666667
2,76,89.87878787878788,1.7878787878787872,23.969696969696955,12.242424242424233,114.57878787878788,113.66111111111111,171.69949494949495,112.18888888888888
2,77,88.66666666666666,1.666666666666666,21.666666666666657,10.666666666666659,114.56666666666666,114.57222222222222,170.86111111111111,111.21111111111111
2,78,87.45454545454545,1.545454545454545,19.363636363636353,9.090909090909085,114.55454545454545,115.48333333333333,170.02272727272725,110.23333333333333
2,79,86.24242424242424,1.4242424242424239,17.060606060606055,7.51515151515151,114.54242424242425,116.39444444444445,169.18434343434342,109.25555555555555
2,80,85.03030303030303,1.3030303030303028,14.757575757575752,5.939393939393936,114.53030303030303,117.30555555555556,168.34595959595958,108.27777777777777
2,81,83.81818181818181,1.1818181818181817,12.454545454545451,4.3636363636363615,114.51818181818182,118.21666666666667,167.50757575757575,107.3
2,82,82.60606060606061,1.0606060606060606,10.151515151515149,2.787878787878787,114.5060606060606,119.12777777777778,166.66919191919192,106.32222222222222
2,83,82.06060606060606,0.9393939393939394,8.696969696969697,2.0,114.46969696969697,119.85101010101009,166.16414141414143,105.69191919191918
2,84,82.18181818181819,0.8181818181818183,8.090909090909092,2.0,114.4090909090909,120.38636363636363,165.99242424242425,105.4090909090909
2,85,82.3030303030303,0.6969696969696972,7.484848484848486,2.0,114.34848484848484,120.92171717171716,165.82070707070707,105.12626262626263
2,86,82.42424242424242,0.5757575757575761,6.878787878787881,2.0,114.28787878787878,121.4570707070707,165.6489898989899,104.84343434343434
2,87,82.54545454545455,0.45454545454545503,6.272727272727275,2.0,114.22727272727273,121.99242424242424,165.47727272727272,104.56060606060606
2,88,82.66666666666667,0.33333333333333215,5.666666666666661,2.0,114.16666666666667,122.52777777777779,165.30555555555557,104.27777777777777
2,89,82.78787878787878,0.21212121212121104,5.060606060606055,2.0,114.10606060606061,123.06313131313132,165.1338383838384,103.9949494949495
2,90,82.9090909090909,0.09090909090908994,4.45454545454545,2.0,114.04545454545455,123.59848484848486,164.96212121212122,103.7121212121212
2,91,82.84848484848484,0.0,3.969696969696969,1.9696969696969688,114.03030303030303,123.77272727272727,164.8838383838384,103.60606060606061
2,92,82.24242424242424,0.0,3.8484848484848477,1.8484848484848477,114.15151515151516,122.86363636363636,165.0858585858586,104.03030303030303
2,93,81.63636363636363,0.0,3.7272727272727266,1.7272727272727266,114.27272727272728,121.95454545454545,165.28787878787878,104.45454545454545
2,94,81.03030303030303,0.0,3.6060606060606055,1.6060606060606055,114.39393939393939,121.04545454545455,165.489898989899,104.87878787878788
2,95,80.42424242424242,0.0,3.4848484848484844,1.4848484848484844,114.51515151515152,120.13636363636363,165.6919191919192,105.30303030303031
2,96,79.81818181818181,0.0,3.3636363636363633,1.3636363636363633,114.63636363636364,119.22727272727272,165.8939393939394,105.72727272727273
2,97,79.21212121212122,0.0,3.242424242424242,1.2424242424242422,114.75757575757575,118.31818181818181,166.09595959595958,106.15151515151516
2,98,78.60606060606061,0.0,3.121212121212121,1.121212121212121,114.87878787878788,117.4090909090909,166.2979797979798,106.57575757575758
2,99,78.0,0.0,3.0,1.0,115.0,116.5,166.5,107.0
3,0,255.0,178.0,255.0,227.0,108.19409985935303,136.1950210970464,137.01412095639944,97.60171589310829
3,1,254.63636363636363,178.0,254.3939393939394,221.1818181818182,108.86118975143388,136.75942030708757,138.20527343247053,96.49517485687467
3,2,254.27272727272728,178.0,253.78787878787878,215.36363636363637,109.52827964351474,137.32381951712873,139.39642590854163,95.38863382064105
3,3,253.9090909090909,178.0,253.1818181818182,209.54545454545456,110.19536953559557,137.88821872716989,140.58757838461273,94.28209278440742
3,4,253.54545454545453,178.0,252.57575757575756,203.72727272727272,110.86245942767643,138.45261793721107,141.77873086068385,93.1755517481738
3,5,253.1818181818182,178.0,251.96969696969697,197.9090909090909,111.52954931975728,139.01701714725223,142.96988333675495,92.06901071194018
3,6,252.8181818181818,178.0,251.36363636363637,192.0909090909091,112.19663921183813,139.5814163572934,144.16103581282604,90.96246967570657
3,7,252.45454545454547,178.0,250.75757575757575,186.27272727272728,112.86372910391898,140.14581556733455,145.35218828889714,89.85592863947295
3,8,252.0909090909091,178.0,250.15151515151516,180.45454545454544,113.53081899599982,140.7102147773757,146.54334076496824,88.74938760323933
3,9,246.0909090909091,163.0909090909091,238.27272727272728,171.72727272727275,113.82658041826731,137.09487881473814,151.07119177745642,92.69450537689195
3,10,238.21212121212122,143.2121212121212,222.63636363636363,162.03030303030303,113.99856568393034,132.08629779454097,156.71127563541697,98.32350942050667
3,11,230.33333333333331,123.33333333333331,206.99999999999997,152.33333333333331,114.17055094959336,127.07771677434381,162.35135949337752,103.95251346412138
3,12,222.45454545454544,103.45454545454545,191.36363636363637,142.63636363636363,114.34253621525639,122.06913575414666,167.99144335133803,109.5815175077361
3,13,214.57575757575756,83.57575757575759,175.72727272727275,132.93939393939394,114.51452148091941,117.0605547339495,173.63152720929858,115.21052155135081
3,14,206.6969696969697,63.69696969696969,160.09090909090907,123.24242424242424,114.68650674658244,112.05197371375233,179.27161106725913,120.83952559496552
3,15,198.8181818181818,43.818181818181785,144.45454545454544,113.54545454545453,114.85849201224546,107.04339269355518,184.91169492521968,126.46852963858024
3,16,190.93939393939394,23.939393939393938,128.8181818181818,103.84848484848484,115.03047727790849,102.034811673358,190.55177878318023,132.09753368219495
3,17,186.93939393939394,14.545454545454545,123.84848484848484,99.72727272727272,115.08290071753021,102.07704625830671,190.23442284747992,131.66726636903832
3,18,186.8181818181818,15.636363636363635,129.54545454545453,101.18181818181819,115.01576233111062,107.17009644840125,183.9596271181188,125.17772769911033
3,19,186.6969696969697,16.72727272727273,135.24242424242425,102.63636363636364,114.94862394469105,112.26314663849581,177.68483138875766,118.68818902918233
3,20,186.57575757575756,17.81818181818182,140.93939393939394,104.0909090909091,114.88148555827146,117.35619682859036,171.41003565939653,112.19865035925433
3,21,186.45454545454547,18.909090909090907,146.63636363636363,105.54545454545455,114.81434717185189,122.44924701868489,165.1352399300354,105.70911168932635
3,22,186.33333333333334,20.000000000000004,152.33333333333334,107.0,114.7472087854323,127.54229720877944,158.86044420067424,99.21957301939834
3,23,186.21212121212122,21.090909090909093,158.03030303030303,108.45454545454545,114.68007039901273,132.635347398874,152.58564847131314,92.73003434947034
3,24,186.0909090909091,22.181818181818183,163.72727272727275,109.9090909090909,114.61293201259315,137.72839758896853,146.310852741952,86.24049567954236
3,25,186.72727272727272,24.424242424242422,168.12121212121212,111.12121212121212,114.57823874350143,140.93242330450968,142.6960985862955,82.29101234294096
3,26,189.63636363636363,30.121212121212114,168.6060606060606,111.60606060606061,114.6408808263933,138.46937559639068,147.06146915175287,85.96169500631926
3,27,192.54545454545456,35.81818181818183,169.0909090909091,112.0909090909091,114.70352290928516,136.00632788827164,151.42683971721024,89.63237766969759
3,28,195.45454545454547,41.515151515151516,169.57575757575756,112.57575757575758,114.76616499217701,133.54328018015264,155.7922102826676,93.3030603330759
3,29,198.36363636363637,47.21212121212121,170.06060606060606,113.06060606060606,114.82880707506887,131.08023247203363,160.15758084812498,96.9737429964542
3,30,201.27272727272728,52.90909090909092,170.54545454545456,113.54545454545455,114.89144915796072,128.61718476391462,164.52295141358235,100.64442565983254
3,31,204.1818181818182,58.606060606060616,171.03030303030303,114.03030303030303,114.95409124085259,126.1541370557956,168.88832197903972,104.31510832321085
3,32,207.0909090909091,64.30303030303031,171.5151515151515,114.51515151515152,115.01673332374445,123.69108934767658,173.25369254449708,107.98579098658915
3,33,210.0,70.0,172.0,115.0,115.0793754066363,121.22804163955757,177.61906310995445,111.65647364996747
3,34,201.51515151515153,62.24242424242425,160.96969696969697,107.36363636363637,115.07690902738072,120.98364938695127,176.08148306969062,110.78607617051013
3,35,193.03030303030306,54.4848484848485,149.93939393939397,99.72727272727275,115.07444264812514,120.73925713434497,174.5439030294268,109.91567869105279
3,36,184.54545454545456,46.72727272727275,138.90909090909093,92.09090909090911,115.07197626886956,120.49486488173866,173.00632298916292,109.04528121159547
3,37,176.06060606060603,38.96969696969694,127.87878787878785,84.45454545454542,115.06950988961398,120.25047262913235,171.4687429488991,108.17488373213811
3,38,167.57575757575756,31.21212121212119,116.84848484848482,76.8181818181818,115.0670435103584,120.00608037652604,169.93116290863526,107.30448625268079
3,39,159.09090909090907,23.45454545454544,105.8181818181818,69.18181818181816,115.06457713110282,119.76168812391974,168.3935828683714,106.43408877322345
3,40,150.6060606060606,15.696969696969688,94.78787878787878,61.54545454545454,115.06211075184724,119.51729587131344,166.85600282810756,105.56369129376611
3,41,142.12121212121212,7.939393939393938,83.75757575757575,53.90909090909091,115.05964437259166,119.27290361870713,165.31842278784373,104.69329381430877
3,42,140.72727272727272,6.454545454545454,84.81818181818181,52.45454545454545,115.02788436311162,119.67306998556998,165.111414469369,104.38719172241899
3,43,141.6969696969697,7.06060606060606,89.9090909090909,53.06060606060606,114.98635981022345,120.28808922558923,165.34793005815732,104.26918809305172
3,44,142.66666666666669,7.66666666666667,95.00000000000003,53.66666666666667,114.94483525733526,120.90310846560847,165.58444564694565,104.15118446368446
3,45,143.63636363636363,8.272727272727275,100.09090909090911,54.27272727272727,114.90331070444707,121.5181277056277,165.82096123573396,104.03318083431719
3,46,144.60606060606062,8.87878787878788,105.1818181818182,54.87878787878788,114.86178615155887,122.13314694564696,166.05747682452227,103.91517720494993
3,47,145.57575757575756,9.484848484848486,110.27272727272728,55.484848484848484,114.82026159867068,122.7481661856662,166.2939924133106,103.79717357558266
3,48,146.54545454545456,10.090909090909092,115.36363636363637,56.09090909090909,114.77873704578249,123.36318542568543,166.5305080020989,103.6791699462154
3,49,147.5151515151515,10.696969696969697,120.45454545454545,56.696969696969695,114.7372124928943,123.97820466570467,166.76702359088722,103.56116631684813
3,50,145.8181818181818,10.575757575757576,118.57575757575758,54.93939393939394,114.72028728846911,123.77417027417027,167.00334513970878,103.82310114128296
3,51,141.45454545454547,9.727272727272728,109.72727272727273,50.81818181818183,114.72796143250689,122.75108225108225,167.23947264856355,104.46497441951988
3,52,137.0909090909091,8.87878787878788,100.8787878787879,46.6969696969697,114.73563557654467,121.72799422799423,167.47560015741834,105.10684769775679
3,53,132.72727272727272,8.030303030303028,92.03030303030299,42.57575757575756,114.74330972058245,120.70490620490621,167.71172766627313,105.7487209759937
3,54,128.36363636363635,7.181818181818179,83.18181818181816,38.45454545454544,114.75098386462022,119.68181818181819,167.9478551751279,106.39059425423062
3,55,123.99999999999999,6.333333333333331,74.33333333333331,34.33333333333332,114.758658008658,118.65873015873017,168.1839826839827,107.03246753246754
3,56,119.63636363636363,5.4848484848484835,65.48484848484847,30.212121212121204,114.76633215269578,117.63564213564214,168.42011019283748,107.67434081070445
3,57,115.27272727272727,4.636363636363636,56.636363636363626,26.090909090909086,114.77400629673356,116.61255411255412,168.65623770169225,108.31621408894136
3,58,111.78787878787878,4.0,50.03030303030303,23.151515151515152,114.78811928811928,115.36129148629149,169.17424242424244,109.28018278018278
3,59,110.93939393939394,4.0,50.15151515151515,23.757575757575758,114.82154882154882,113.42550505050505,170.53787878787878,111.21043771043772
3,60,110.0909090909091,4.0,50.27272727272727,24.363636363636367,114.85497835497836,111.48971861471861,171.90151515151516,113.14069264069265
3,61,109.24242424242424,4.0,50.39393939393939,24.969696969696972,114.88840788840788,109.55393217893217,173.26515151515153,115.07094757094758
3,62,108.39393939393939,4.0,50.515151515151516,25.575757575757578,114.92183742183742,107.61814574314573,174.6287878787879,117.00120250120251
3,63,107.54545454545455,4.0,50.63636363636364,26.181818181818183,114.95526695526695,105.6823593073593,175.99242424242425,118.93145743145745
3,64,106.69696969696969,4.0,50.75757575757576,26.78787878787879,114.98869648869649,103.74657287157287,177.35606060606062,120.86171236171236
3,65,105.84848484848484,4.0,50.878787878787875,27.393939393939394,115.02212602212602,101.81078643578644,178.71969696969697,122.7919672919673
3,66,105.0,4.0,51.0,28.0,115.05555555555556,99.875,180.08333333333334,124.72222222222223
3,67,103.06060606060606,3.757575757575758,46.87878787878788,26.060606060606062,115.04478114478114,100.90025252525253,179.18838383838386,123.53569023569024
3,68,101.12121212121212,3.5151515151515156,42.757575757575765,24.121212121212125,115.03400673400674,101.92550505050505,178.29343434343434,122.34915824915825
3,69,99.18181818181819,3.2727272727272734,38.63636363636365,22.181818181818187,115.02323232323232,102.95075757575758,177.39848484848486,121.16262626262628
3,70,97.24242424242425,3.030303030303031,34.51515151515153,20.24242424242425,115.01245791245792,103.97601010101009,176.50353535353537,119.97609427609429
3,71,95.30303030303031,2.787878787878789,30.393939393939412,18.30303030303031,115.0016835016835,105.00126262626262,175.60858585858585,118.7895622895623
3,72,93.36363636363637,2.5454545454545467,26.272727272727295,16.363636363636374,114.9909090909091,106.02651515151514,174.71363636363637,117.60303030303031
3,73,91.42424242424241,2.303030303030301,22.151515151515117,14.424242424242408,114.98013468013468,107.05176767676768,173.81868686868685,116.4164983164983
3,74,89.48484848484847,2.0606060606060588,18.030303030303003,12.48484848484847,114.96936026936027,108.07702020202021,172.92373737373737,115.22996632996633
3,75,89.0909090909091,2.0,16.818181818181817,11.545454545454541,114.86363636363636,109.3409090909091,172.56060606060606,114.46212121212122
3,76,89.21212121212122,2.0,16.575757575757574,10.939393939393936,114.72626262626262,110.68434343434345,172.37474747474747,113.83383838383838
3,77,89.33333333333333,2.0,16.333333333333332,10.33333333333333,114.58888888888889,112.02777777777779,172.18888888888887,113.20555555555555
3,78,89.45454545454545,2.0,16.09090909090909,9.727272727272725,114.45151515151515,113.37121212121212,172.0030303030303,112.57727272727273
3,79,89.57575757575758,2.0,15.848484848484848,9.12121212121212,114.31414141414142,114.71464646464646,171.8171717171717,111.9489898989899
3,80,89.6969696969697,2.0,15.606060606060606,8.515151515151514,114.17676767676767,116.05808080808082,171.6313131313131,111.32070707070707
3,81,89.81818181818181,2.0,15.363636363636363,7.909090909090908,114.03939393939393,117.40151515151516,171.44545454545454,110.69242424242424
3,82,89.93939393939394,2.0,15.121212121212121,7.303030303030303,113.9020202020202,118.7449494949495,171.25959595959594,110.06414141414142
3,83,89.39393939393939,2.0,14.878787878787879,6.757575757575758,113.9040404040404,118.72474747474747,171.32828282828282,110.10858585858585
3,84,88.18181818181819,2.0,14.636363636363637,6.272727272727273,114.04545454545455,117.3409090909091,171.65151515151516,110.82575757575758
3,85,86.96969696969697,2.0,14.393939393939394,5.787878787878789,114.18686868686868,115.95707070707071,171.97474747474746,111.54292929292929
3,86,85.75757575757576,2.0,14.151515151515152,5.3030303030303045,114.32828282828282,114.57323232323233,172.2979797979798,112.26010101010101
3,87,84.54545454545455,2.0,13.90909090909091,4.81818181818182,114.46969696969697,113.18939393939395,172.62121212121212,112.97727272727273
3,88,83.33333333333331,2.0,13.666666666666664,4.333333333333329,114.61111111111111,111.80555555555554,172.94444444444446,113.69444444444446
3,89,82.12121212121211,2.0,13.424242424242422,3.848484848484844,114.75252525252526,110.42171717171716,173.2676767676768,114.41161616161617
3,90,80.9090909090909,2.0,13.18181818181818,3.3636363636363598,114.89393939393939,109.03787878787878,173.5909090909091,115.12878787878789
3,91,79.96969696969697,1.9696969696969688,12.606060606060595,2.9393939393939377,114.95454545454545,108.18181818181819,173.85353535353536,115.64646464646465
3,92,79.84848484848484,1.8484848484848477,11.03030303030302,2.6969696969696955,114.77272727272727,108.9090909090909,173.93434343434345,115.56565656565657
3,93,79.72727272727272,1.7272727272727266,9.454545454545446,2.4545454545454533,114.5909090909091,109.63636363636364,174.01515151515153,115.48484848484848
3,94,79.60606060606061,1.6060606060606055,7.878787878787872,2.212121212121211,114.4090909090909,110.36363636363637,174.0959595959596,115.4040404040404
3,95,79.48484848484848,1.4848484848484844,6.303030303030297,1.9696969696969688,114.22727272727272,111.0909090909091,174.17676767676767,115.32323232323232
3,96,79.36363636363636,1.3636363636363633,4.727272727272723,1.7272727272727266,114.04545454545455,111.81818181818181,174.25757575757575,115.24242424242425
3,97,79.24242424242425,1.2424242424242422,3.1515151515151487,1.4848484848484844,113.86363636363636,112.54545454545455,174.33838383838383,115.16161616161617
3,98,79.12121212121212,1.121212121212121,1.5757575757575744,1.2424242424242422,113.68181818181819,113.27272727272728,174.41919191919192,115.08080808080808
3,99,79.0,1.0,0.0,1.0,113.5,114.0,174.5,115.0
